IndustryCode,CommodityCode,Amount,Unit,WIO Section,Note
RS0007/US,221100/US,150335535,USD,U12,Use of IO Commodity by Waste Treat Industry
RS0007/US,221300/US,184,USD,U12,Use of IO Commodity by Waste Treat Industry
RS0007/US,321100/US,43129,USD,U12,Use of IO Commodity by Waste Treat Industry
RS0007/US,327320/US,15442572,USD,U12,Use of IO Commodity by Waste Treat Industry
RS0007/US,327400/US,1137,USD,U12,Use of IO Commodity by Waste Treat Industry
RS0007/US,331110/US,6121320,USD,U12,Use of IO Commodity by Waste Treat Industry
RS0007/US,333120/US,1130087983,USD,U12,Use of IO Commodity by Waste Treat Industry
RS0007/US,333920/US,68949380,USD,U12,Use of IO Commodity by Waste Treat Industry
RS0007/US,324110/US,676273151,USD,U12,Use of IO Commodity by Waste Treat Industry
RS0007/US,324121/US,3525180,USD,U12,Use of IO Commodity by Waste Treat Industry
RS0007/US,324122/US,37122,USD,U12,Use of IO Commodity by Waste Treat Industry
RS0007/US,325211/US,83719,USD,U12,Use of IO Commodity by Waste Treat Industry
RS0007/US,484000/US,559485080,USD,U12,Use of IO Commodity by Waste Treat Industry
RS0012/US,221100/US,933189,USD,U12,Use of IO Commodity by Waste Treat Industry
RS0012/US,324110/US,109270272,USD,U12,Use of IO Commodity by Waste Treat Industry
RS0012/US,484000/US,56450171,USD,U12,Use of IO Commodity by Waste Treat Industry
RS0013/US,324110/US,93861435,USD,U12,Use of IO Commodity by Waste Treat Industry
RS0013/US,484000/US,38964902,USD,U12,Use of IO Commodity by Waste Treat Industry
221100/US,RD0007/US,7267473,MT,U21,Use of Waste Treatment Commodity by IO Industry
321200/US,RD0007/US,1175856,MT,U21,Use of Waste Treatment Commodity by IO Industry
327100/US,RD0007/US,1414532,MT,U21,Use of Waste Treatment Commodity by IO Industry
327310/US,RD0007/US,41530655,MT,U21,Use of Waste Treatment Commodity by IO Industry
327320/US,RD0007/US,144686421,MT,U21,Use of Waste Treatment Commodity by IO Industry
327330/US,RD0007/US,38788893,MT,U21,Use of Waste Treatment Commodity by IO Industry
327390/US,RD0007/US,61063990,MT,U21,Use of Waste Treatment Commodity by IO Industry
327400/US,RD0007/US,108399,MT,U21,Use of Waste Treatment Commodity by IO Industry
324121/US,RD0007/US,70866246,MT,U21,Use of Waste Treatment Commodity by IO Industry
324122/US,RD0007/US,1824389,MT,U21,Use of Waste Treatment Commodity by IO Industry
325310/US,RD0007/US,4186421,MT,U21,Use of Waste Treatment Commodity by IO Industry
1111A0/US,RD0012/US,210,MT,U21,Use of Waste Treatment Commodity by IO Industry
1111B0/US,RD0012/US,2299,MT,U21,Use of Waste Treatment Commodity by IO Industry
111200/US,RD0012/US,73,MT,U21,Use of Waste Treatment Commodity by IO Industry
111300/US,RD0012/US,259,MT,U21,Use of Waste Treatment Commodity by IO Industry
111400/US,RD0012/US,758,MT,U21,Use of Waste Treatment Commodity by IO Industry
111900/US,RD0012/US,328,MT,U21,Use of Waste Treatment Commodity by IO Industry
112120/US,RD0012/US,259,MT,U21,Use of Waste Treatment Commodity by IO Industry
1121A0/US,RD0012/US,949,MT,U21,Use of Waste Treatment Commodity by IO Industry
112300/US,RD0012/US,856,MT,U21,Use of Waste Treatment Commodity by IO Industry
112A00/US,RD0012/US,176,MT,U21,Use of Waste Treatment Commodity by IO Industry
113000/US,RD0012/US,122,MT,U21,Use of Waste Treatment Commodity by IO Industry
114000/US,RD0012/US,64,MT,U21,Use of Waste Treatment Commodity by IO Industry
115000/US,RD0012/US,49,MT,U21,Use of Waste Treatment Commodity by IO Industry
211000/US,RD0012/US,2866,MT,U21,Use of Waste Treatment Commodity by IO Industry
212100/US,RD0012/US,108,MT,U21,Use of Waste Treatment Commodity by IO Industry
212230/US,RD0012/US,1081,MT,U21,Use of Waste Treatment Commodity by IO Industry
2122A0/US,RD0012/US,201,MT,U21,Use of Waste Treatment Commodity by IO Industry
212310/US,RD0012/US,93,MT,U21,Use of Waste Treatment Commodity by IO Industry
2123A0/US,RD0012/US,616,MT,U21,Use of Waste Treatment Commodity by IO Industry
213111/US,RD0012/US,15,MT,U21,Use of Waste Treatment Commodity by IO Industry
21311A/US,RD0012/US,318,MT,U21,Use of Waste Treatment Commodity by IO Industry
221100/US,RD0012/US,748,MT,U21,Use of Waste Treatment Commodity by IO Industry
221200/US,RD0012/US,44,MT,U21,Use of Waste Treatment Commodity by IO Industry
221300/US,RD0012/US,142,MT,U21,Use of Waste Treatment Commodity by IO Industry
233210/US,RD0012/US,29,MT,U21,Use of Waste Treatment Commodity by IO Industry
233262/US,RD0012/US,44,MT,U21,Use of Waste Treatment Commodity by IO Industry
230301/US,RD0012/US,289,MT,U21,Use of Waste Treatment Commodity by IO Industry
230302/US,RD0012/US,59,MT,U21,Use of Waste Treatment Commodity by IO Industry
2332A0/US,RD0012/US,54,MT,U21,Use of Waste Treatment Commodity by IO Industry
233412/US,RD0012/US,10,MT,U21,Use of Waste Treatment Commodity by IO Industry
2334A0/US,RD0012/US,220,MT,U21,Use of Waste Treatment Commodity by IO Industry
233230/US,RD0012/US,39,MT,U21,Use of Waste Treatment Commodity by IO Industry
2332D0/US,RD0012/US,93,MT,U21,Use of Waste Treatment Commodity by IO Industry
233240/US,RD0012/US,29,MT,U21,Use of Waste Treatment Commodity by IO Industry
233411/US,RD0012/US,68,MT,U21,Use of Waste Treatment Commodity by IO Industry
2332C0/US,RD0012/US,367,MT,U21,Use of Waste Treatment Commodity by IO Industry
321100/US,RD0012/US,308,MT,U21,Use of Waste Treatment Commodity by IO Industry
321200/US,RD0012/US,279,MT,U21,Use of Waste Treatment Commodity by IO Industry
321910/US,RD0012/US,103,MT,U21,Use of Waste Treatment Commodity by IO Industry
3219A0/US,RD0012/US,176,MT,U21,Use of Waste Treatment Commodity by IO Industry
327100/US,RD0012/US,303,MT,U21,Use of Waste Treatment Commodity by IO Industry
327200/US,RD0012/US,1237,MT,U21,Use of Waste Treatment Commodity by IO Industry
327310/US,RD0012/US,1105,MT,U21,Use of Waste Treatment Commodity by IO Industry
327320/US,RD0012/US,416,MT,U21,Use of Waste Treatment Commodity by IO Industry
327330/US,RD0012/US,68,MT,U21,Use of Waste Treatment Commodity by IO Industry
327390/US,RD0012/US,103,MT,U21,Use of Waste Treatment Commodity by IO Industry
327400/US,RD0012/US,1022,MT,U21,Use of Waste Treatment Commodity by IO Industry
327910/US,RD0012/US,44,MT,U21,Use of Waste Treatment Commodity by IO Industry
327991/US,RD0012/US,29,MT,U21,Use of Waste Treatment Commodity by IO Industry
327992/US,RD0012/US,147,MT,U21,Use of Waste Treatment Commodity by IO Industry
327993/US,RD0012/US,186,MT,U21,Use of Waste Treatment Commodity by IO Industry
327999/US,RD0012/US,83,MT,U21,Use of Waste Treatment Commodity by IO Industry
331110/US,RD0012/US,3125,MT,U21,Use of Waste Treatment Commodity by IO Industry
331200/US,RD0012/US,147,MT,U21,Use of Waste Treatment Commodity by IO Industry
331314/US,RD0012/US,249,MT,U21,Use of Waste Treatment Commodity by IO Industry
331313/US,RD0012/US,205,MT,U21,Use of Waste Treatment Commodity by IO Industry
33131B/US,RD0012/US,377,MT,U21,Use of Waste Treatment Commodity by IO Industry
331410/US,RD0012/US,142,MT,U21,Use of Waste Treatment Commodity by IO Industry
331420/US,RD0012/US,103,MT,U21,Use of Waste Treatment Commodity by IO Industry
331490/US,RD0012/US,196,MT,U21,Use of Waste Treatment Commodity by IO Industry
331510/US,RD0012/US,264,MT,U21,Use of Waste Treatment Commodity by IO Industry
331520/US,RD0012/US,225,MT,U21,Use of Waste Treatment Commodity by IO Industry
332114/US,RD0012/US,98,MT,U21,Use of Waste Treatment Commodity by IO Industry
33211A/US,RD0012/US,445,MT,U21,Use of Waste Treatment Commodity by IO Industry
332119/US,RD0012/US,117,MT,U21,Use of Waste Treatment Commodity by IO Industry
332200/US,RD0012/US,122,MT,U21,Use of Waste Treatment Commodity by IO Industry
332310/US,RD0012/US,220,MT,U21,Use of Waste Treatment Commodity by IO Industry
332320/US,RD0012/US,254,MT,U21,Use of Waste Treatment Commodity by IO Industry
332410/US,RD0012/US,34,MT,U21,Use of Waste Treatment Commodity by IO Industry
332420/US,RD0012/US,73,MT,U21,Use of Waste Treatment Commodity by IO Industry
332430/US,RD0012/US,225,MT,U21,Use of Waste Treatment Commodity by IO Industry
332500/US,RD0012/US,49,MT,U21,Use of Waste Treatment Commodity by IO Industry
332600/US,RD0012/US,98,MT,U21,Use of Waste Treatment Commodity by IO Industry
332710/US,RD0012/US,284,MT,U21,Use of Waste Treatment Commodity by IO Industry
332720/US,RD0012/US,215,MT,U21,Use of Waste Treatment Commodity by IO Industry
332800/US,RD0012/US,983,MT,U21,Use of Waste Treatment Commodity by IO Industry
332913/US,RD0012/US,15,MT,U21,Use of Waste Treatment Commodity by IO Industry
33291A/US,RD0012/US,137,MT,U21,Use of Waste Treatment Commodity by IO Industry
332991/US,RD0012/US,73,MT,U21,Use of Waste Treatment Commodity by IO Industry
332996/US,RD0012/US,49,MT,U21,Use of Waste Treatment Commodity by IO Industry
33299A/US,RD0012/US,176,MT,U21,Use of Waste Treatment Commodity by IO Industry
332999/US,RD0012/US,157,MT,U21,Use of Waste Treatment Commodity by IO Industry
333111/US,RD0012/US,103,MT,U21,Use of Waste Treatment Commodity by IO Industry
333112/US,RD0012/US,20,MT,U21,Use of Waste Treatment Commodity by IO Industry
333120/US,RD0012/US,171,MT,U21,Use of Waste Treatment Commodity by IO Industry
333130/US,RD0012/US,127,MT,U21,Use of Waste Treatment Commodity by IO Industry
333242/US,RD0012/US,15,MT,U21,Use of Waste Treatment Commodity by IO Industry
33329A/US,RD0012/US,93,MT,U21,Use of Waste Treatment Commodity by IO Industry
333314/US,RD0012/US,15,MT,U21,Use of Waste Treatment Commodity by IO Industry
333316/US,RD0012/US,5,MT,U21,Use of Waste Treatment Commodity by IO Industry
333318/US,RD0012/US,59,MT,U21,Use of Waste Treatment Commodity by IO Industry
333414/US,RD0012/US,29,MT,U21,Use of Waste Treatment Commodity by IO Industry
333415/US,RD0012/US,98,MT,U21,Use of Waste Treatment Commodity by IO Industry
333413/US,RD0012/US,34,MT,U21,Use of Waste Treatment Commodity by IO Industry
333511/US,RD0012/US,39,MT,U21,Use of Waste Treatment Commodity by IO Industry
333514/US,RD0012/US,29,MT,U21,Use of Waste Treatment Commodity by IO Industry
333517/US,RD0012/US,29,MT,U21,Use of Waste Treatment Commodity by IO Industry
33351B/US,RD0012/US,49,MT,U21,Use of Waste Treatment Commodity by IO Industry
333611/US,RD0012/US,44,MT,U21,Use of Waste Treatment Commodity by IO Industry
333612/US,RD0012/US,34,MT,U21,Use of Waste Treatment Commodity by IO Industry
333613/US,RD0012/US,29,MT,U21,Use of Waste Treatment Commodity by IO Industry
333618/US,RD0012/US,88,MT,U21,Use of Waste Treatment Commodity by IO Industry
333912/US,RD0012/US,39,MT,U21,Use of Waste Treatment Commodity by IO Industry
33391A/US,RD0012/US,49,MT,U21,Use of Waste Treatment Commodity by IO Industry
333920/US,RD0012/US,108,MT,U21,Use of Waste Treatment Commodity by IO Industry
333991/US,RD0012/US,10,MT,U21,Use of Waste Treatment Commodity by IO Industry
333993/US,RD0012/US,20,MT,U21,Use of Waste Treatment Commodity by IO Industry
333994/US,RD0012/US,15,MT,U21,Use of Waste Treatment Commodity by IO Industry
33399A/US,RD0012/US,98,MT,U21,Use of Waste Treatment Commodity by IO Industry
33399B/US,RD0012/US,34,MT,U21,Use of Waste Treatment Commodity by IO Industry
334112/US,RD0012/US,15,MT,U21,Use of Waste Treatment Commodity by IO Industry
334118/US,RD0012/US,20,MT,U21,Use of Waste Treatment Commodity by IO Industry
334210/US,RD0012/US,5,MT,U21,Use of Waste Treatment Commodity by IO Industry
334220/US,RD0012/US,20,MT,U21,Use of Waste Treatment Commodity by IO Industry
334290/US,RD0012/US,20,MT,U21,Use of Waste Treatment Commodity by IO Industry
334413/US,RD0012/US,112,MT,U21,Use of Waste Treatment Commodity by IO Industry
334418/US,RD0012/US,15,MT,U21,Use of Waste Treatment Commodity by IO Industry
33441A/US,RD0012/US,103,MT,U21,Use of Waste Treatment Commodity by IO Industry
334510/US,RD0012/US,24,MT,U21,Use of Waste Treatment Commodity by IO Industry
334511/US,RD0012/US,34,MT,U21,Use of Waste Treatment Commodity by IO Industry
334512/US,RD0012/US,5,MT,U21,Use of Waste Treatment Commodity by IO Industry
334513/US,RD0012/US,15,MT,U21,Use of Waste Treatment Commodity by IO Industry
334514/US,RD0012/US,5,MT,U21,Use of Waste Treatment Commodity by IO Industry
334515/US,RD0012/US,5,MT,U21,Use of Waste Treatment Commodity by IO Industry
334516/US,RD0012/US,10,MT,U21,Use of Waste Treatment Commodity by IO Industry
334517/US,RD0012/US,5,MT,U21,Use of Waste Treatment Commodity by IO Industry
33451A/US,RD0012/US,10,MT,U21,Use of Waste Treatment Commodity by IO Industry
334300/US,RD0012/US,5,MT,U21,Use of Waste Treatment Commodity by IO Industry
334610/US,RD0012/US,10,MT,U21,Use of Waste Treatment Commodity by IO Industry
335110/US,RD0012/US,39,MT,U21,Use of Waste Treatment Commodity by IO Industry
335120/US,RD0012/US,54,MT,U21,Use of Waste Treatment Commodity by IO Industry
335210/US,RD0012/US,15,MT,U21,Use of Waste Treatment Commodity by IO Industry
335221/US,RD0012/US,29,MT,U21,Use of Waste Treatment Commodity by IO Industry
335224/US,RD0012/US,5,MT,U21,Use of Waste Treatment Commodity by IO Industry
335228/US,RD0012/US,29,MT,U21,Use of Waste Treatment Commodity by IO Industry
335311/US,RD0012/US,49,MT,U21,Use of Waste Treatment Commodity by IO Industry
335312/US,RD0012/US,49,MT,U21,Use of Waste Treatment Commodity by IO Industry
335313/US,RD0012/US,54,MT,U21,Use of Waste Treatment Commodity by IO Industry
335911/US,RD0012/US,88,MT,U21,Use of Waste Treatment Commodity by IO Industry
335912/US,RD0012/US,20,MT,U21,Use of Waste Treatment Commodity by IO Industry
335920/US,RD0012/US,64,MT,U21,Use of Waste Treatment Commodity by IO Industry
335930/US,RD0012/US,54,MT,U21,Use of Waste Treatment Commodity by IO Industry
335991/US,RD0012/US,108,MT,U21,Use of Waste Treatment Commodity by IO Industry
335999/US,RD0012/US,68,MT,U21,Use of Waste Treatment Commodity by IO Industry
336111/US,RD0012/US,240,MT,U21,Use of Waste Treatment Commodity by IO Industry
336112/US,RD0012/US,289,MT,U21,Use of Waste Treatment Commodity by IO Industry
336120/US,RD0012/US,34,MT,U21,Use of Waste Treatment Commodity by IO Industry
336211/US,RD0012/US,59,MT,U21,Use of Waste Treatment Commodity by IO Industry
336212/US,RD0012/US,29,MT,U21,Use of Waste Treatment Commodity by IO Industry
336213/US,RD0012/US,5,MT,U21,Use of Waste Treatment Commodity by IO Industry
336214/US,RD0012/US,49,MT,U21,Use of Waste Treatment Commodity by IO Industry
336310/US,RD0012/US,122,MT,U21,Use of Waste Treatment Commodity by IO Industry
336320/US,RD0012/US,49,MT,U21,Use of Waste Treatment Commodity by IO Industry
336350/US,RD0012/US,157,MT,U21,Use of Waste Treatment Commodity by IO Industry
336360/US,RD0012/US,34,MT,U21,Use of Waste Treatment Commodity by IO Industry
336370/US,RD0012/US,142,MT,U21,Use of Waste Treatment Commodity by IO Industry
336390/US,RD0012/US,220,MT,U21,Use of Waste Treatment Commodity by IO Industry
3363A0/US,RD0012/US,122,MT,U21,Use of Waste Treatment Commodity by IO Industry
336411/US,RD0012/US,112,MT,U21,Use of Waste Treatment Commodity by IO Industry
336412/US,RD0012/US,54,MT,U21,Use of Waste Treatment Commodity by IO Industry
336413/US,RD0012/US,29,MT,U21,Use of Waste Treatment Commodity by IO Industry
336414/US,RD0012/US,49,MT,U21,Use of Waste Treatment Commodity by IO Industry
33641A/US,RD0012/US,49,MT,U21,Use of Waste Treatment Commodity by IO Industry
336500/US,RD0012/US,78,MT,U21,Use of Waste Treatment Commodity by IO Industry
336611/US,RD0012/US,132,MT,U21,Use of Waste Treatment Commodity by IO Industry
336612/US,RD0012/US,34,MT,U21,Use of Waste Treatment Commodity by IO Industry
336991/US,RD0012/US,10,MT,U21,Use of Waste Treatment Commodity by IO Industry
336992/US,RD0012/US,10,MT,U21,Use of Waste Treatment Commodity by IO Industry
336999/US,RD0012/US,24,MT,U21,Use of Waste Treatment Commodity by IO Industry
337110/US,RD0012/US,98,MT,U21,Use of Waste Treatment Commodity by IO Industry
337121/US,RD0012/US,24,MT,U21,Use of Waste Treatment Commodity by IO Industry
337122/US,RD0012/US,44,MT,U21,Use of Waste Treatment Commodity by IO Industry
337127/US,RD0012/US,39,MT,U21,Use of Waste Treatment Commodity by IO Industry
33712N/US,RD0012/US,29,MT,U21,Use of Waste Treatment Commodity by IO Industry
337215/US,RD0012/US,73,MT,U21,Use of Waste Treatment Commodity by IO Industry
33721A/US,RD0012/US,132,MT,U21,Use of Waste Treatment Commodity by IO Industry
337900/US,RD0012/US,20,MT,U21,Use of Waste Treatment Commodity by IO Industry
339112/US,RD0012/US,83,MT,U21,Use of Waste Treatment Commodity by IO Industry
339113/US,RD0012/US,93,MT,U21,Use of Waste Treatment Commodity by IO Industry
339114/US,RD0012/US,5,MT,U21,Use of Waste Treatment Commodity by IO Industry
339115/US,RD0012/US,15,MT,U21,Use of Waste Treatment Commodity by IO Industry
339116/US,RD0012/US,20,MT,U21,Use of Waste Treatment Commodity by IO Industry
339910/US,RD0012/US,15,MT,U21,Use of Waste Treatment Commodity by IO Industry
339920/US,RD0012/US,68,MT,U21,Use of Waste Treatment Commodity by IO Industry
339930/US,RD0012/US,10,MT,U21,Use of Waste Treatment Commodity by IO Industry
339940/US,RD0012/US,20,MT,U21,Use of Waste Treatment Commodity by IO Industry
339950/US,RD0012/US,73,MT,U21,Use of Waste Treatment Commodity by IO Industry
339990/US,RD0012/US,157,MT,U21,Use of Waste Treatment Commodity by IO Industry
311111/US,RD0012/US,186,MT,U21,Use of Waste Treatment Commodity by IO Industry
311119/US,RD0012/US,245,MT,U21,Use of Waste Treatment Commodity by IO Industry
311210/US,RD0012/US,230,MT,U21,Use of Waste Treatment Commodity by IO Industry
311221/US,RD0012/US,939,MT,U21,Use of Waste Treatment Commodity by IO Industry
311225/US,RD0012/US,147,MT,U21,Use of Waste Treatment Commodity by IO Industry
311224/US,RD0012/US,743,MT,U21,Use of Waste Treatment Commodity by IO Industry
311230/US,RD0012/US,132,MT,U21,Use of Waste Treatment Commodity by IO Industry
311300/US,RD0012/US,1159,MT,U21,Use of Waste Treatment Commodity by IO Industry
311410/US,RD0012/US,455,MT,U21,Use of Waste Treatment Commodity by IO Industry
311420/US,RD0012/US,655,MT,U21,Use of Waste Treatment Commodity by IO Industry
311513/US,RD0012/US,347,MT,U21,Use of Waste Treatment Commodity by IO Industry
311514/US,RD0012/US,528,MT,U21,Use of Waste Treatment Commodity by IO Industry
31151A/US,RD0012/US,313,MT,U21,Use of Waste Treatment Commodity by IO Industry
311520/US,RD0012/US,34,MT,U21,Use of Waste Treatment Commodity by IO Industry
311615/US,RD0012/US,411,MT,U21,Use of Waste Treatment Commodity by IO Industry
31161A/US,RD0012/US,880,MT,U21,Use of Waste Treatment Commodity by IO Industry
311700/US,RD0012/US,289,MT,U21,Use of Waste Treatment Commodity by IO Industry
311810/US,RD0012/US,533,MT,U21,Use of Waste Treatment Commodity by IO Industry
3118A0/US,RD0012/US,308,MT,U21,Use of Waste Treatment Commodity by IO Industry
311910/US,RD0012/US,484,MT,U21,Use of Waste Treatment Commodity by IO Industry
311920/US,RD0012/US,103,MT,U21,Use of Waste Treatment Commodity by IO Industry
311930/US,RD0012/US,49,MT,U21,Use of Waste Treatment Commodity by IO Industry
311940/US,RD0012/US,98,MT,U21,Use of Waste Treatment Commodity by IO Industry
311990/US,RD0012/US,225,MT,U21,Use of Waste Treatment Commodity by IO Industry
312110/US,RD0012/US,303,MT,U21,Use of Waste Treatment Commodity by IO Industry
312120/US,RD0012/US,474,MT,U21,Use of Waste Treatment Commodity by IO Industry
312130/US,RD0012/US,64,MT,U21,Use of Waste Treatment Commodity by IO Industry
312140/US,RD0012/US,83,MT,U21,Use of Waste Treatment Commodity by IO Industry
312200/US,RD0012/US,235,MT,U21,Use of Waste Treatment Commodity by IO Industry
313100/US,RD0012/US,64,MT,U21,Use of Waste Treatment Commodity by IO Industry
313200/US,RD0012/US,382,MT,U21,Use of Waste Treatment Commodity by IO Industry
313300/US,RD0012/US,279,MT,U21,Use of Waste Treatment Commodity by IO Industry
314110/US,RD0012/US,117,MT,U21,Use of Waste Treatment Commodity by IO Industry
314120/US,RD0012/US,15,MT,U21,Use of Waste Treatment Commodity by IO Industry
314900/US,RD0012/US,49,MT,U21,Use of Waste Treatment Commodity by IO Industry
315000/US,RD0012/US,39,MT,U21,Use of Waste Treatment Commodity by IO Industry
322110/US,RD0012/US,597,MT,U21,Use of Waste Treatment Commodity by IO Industry
322120/US,RD0012/US,3057,MT,U21,Use of Waste Treatment Commodity by IO Industry
322130/US,RD0012/US,2910,MT,U21,Use of Waste Treatment Commodity by IO Industry
322210/US,RD0012/US,401,MT,U21,Use of Waste Treatment Commodity by IO Industry
322220/US,RD0012/US,210,MT,U21,Use of Waste Treatment Commodity by IO Industry
322230/US,RD0012/US,15,MT,U21,Use of Waste Treatment Commodity by IO Industry
322291/US,RD0012/US,59,MT,U21,Use of Waste Treatment Commodity by IO Industry
322299/US,RD0012/US,68,MT,U21,Use of Waste Treatment Commodity by IO Industry
323110/US,RD0012/US,357,MT,U21,Use of Waste Treatment Commodity by IO Industry
323120/US,RD0012/US,10,MT,U21,Use of Waste Treatment Commodity by IO Industry
324110/US,RD0012/US,13245,MT,U21,Use of Waste Treatment Commodity by IO Industry
324121/US,RD0012/US,533,MT,U21,Use of Waste Treatment Commodity by IO Industry
324122/US,RD0012/US,73,MT,U21,Use of Waste Treatment Commodity by IO Industry
324190/US,RD0012/US,235,MT,U21,Use of Waste Treatment Commodity by IO Industry
325110/US,RD0012/US,8378,MT,U21,Use of Waste Treatment Commodity by IO Industry
325120/US,RD0012/US,279,MT,U21,Use of Waste Treatment Commodity by IO Industry
325130/US,RD0012/US,245,MT,U21,Use of Waste Treatment Commodity by IO Industry
325180/US,RD0012/US,1228,MT,U21,Use of Waste Treatment Commodity by IO Industry
325190/US,RD0012/US,4456,MT,U21,Use of Waste Treatment Commodity by IO Industry
325211/US,RD0012/US,1594,MT,U21,Use of Waste Treatment Commodity by IO Industry
3252A0/US,RD0012/US,254,MT,U21,Use of Waste Treatment Commodity by IO Industry
325411/US,RD0012/US,68,MT,U21,Use of Waste Treatment Commodity by IO Industry
325412/US,RD0012/US,245,MT,U21,Use of Waste Treatment Commodity by IO Industry
325413/US,RD0012/US,10,MT,U21,Use of Waste Treatment Commodity by IO Industry
325414/US,RD0012/US,34,MT,U21,Use of Waste Treatment Commodity by IO Industry
325310/US,RD0012/US,8197,MT,U21,Use of Waste Treatment Commodity by IO Industry
325320/US,RD0012/US,73,MT,U21,Use of Waste Treatment Commodity by IO Industry
325510/US,RD0012/US,44,MT,U21,Use of Waste Treatment Commodity by IO Industry
325520/US,RD0012/US,49,MT,U21,Use of Waste Treatment Commodity by IO Industry
325610/US,RD0012/US,176,MT,U21,Use of Waste Treatment Commodity by IO Industry
325620/US,RD0012/US,29,MT,U21,Use of Waste Treatment Commodity by IO Industry
325910/US,RD0012/US,10,MT,U21,Use of Waste Treatment Commodity by IO Industry
3259A0/US,RD0012/US,254,MT,U21,Use of Waste Treatment Commodity by IO Industry
326110/US,RD0012/US,337,MT,U21,Use of Waste Treatment Commodity by IO Industry
326120/US,RD0012/US,108,MT,U21,Use of Waste Treatment Commodity by IO Industry
326130/US,RD0012/US,39,MT,U21,Use of Waste Treatment Commodity by IO Industry
326140/US,RD0012/US,176,MT,U21,Use of Waste Treatment Commodity by IO Industry
326150/US,RD0012/US,78,MT,U21,Use of Waste Treatment Commodity by IO Industry
326160/US,RD0012/US,34,MT,U21,Use of Waste Treatment Commodity by IO Industry
326190/US,RD0012/US,445,MT,U21,Use of Waste Treatment Commodity by IO Industry
326210/US,RD0012/US,264,MT,U21,Use of Waste Treatment Commodity by IO Industry
326220/US,RD0012/US,54,MT,U21,Use of Waste Treatment Commodity by IO Industry
326290/US,RD0012/US,166,MT,U21,Use of Waste Treatment Commodity by IO Industry
423100/US,RD0012/US,78,MT,U21,Use of Waste Treatment Commodity by IO Industry
423400/US,RD0012/US,54,MT,U21,Use of Waste Treatment Commodity by IO Industry
423600/US,RD0012/US,49,MT,U21,Use of Waste Treatment Commodity by IO Industry
423800/US,RD0012/US,54,MT,U21,Use of Waste Treatment Commodity by IO Industry
423A00/US,RD0012/US,401,MT,U21,Use of Waste Treatment Commodity by IO Industry
424200/US,RD0012/US,10,MT,U21,Use of Waste Treatment Commodity by IO Industry
424400/US,RD0012/US,191,MT,U21,Use of Waste Treatment Commodity by IO Industry
424700/US,RD0012/US,157,MT,U21,Use of Waste Treatment Commodity by IO Industry
424A00/US,RD0012/US,543,MT,U21,Use of Waste Treatment Commodity by IO Industry
425000/US,RD0012/US,24,MT,U21,Use of Waste Treatment Commodity by IO Industry
441000/US,RD0012/US,597,MT,U21,Use of Waste Treatment Commodity by IO Industry
445000/US,RD0012/US,254,MT,U21,Use of Waste Treatment Commodity by IO Industry
452000/US,RD0012/US,117,MT,U21,Use of Waste Treatment Commodity by IO Industry
444000/US,RD0012/US,245,MT,U21,Use of Waste Treatment Commodity by IO Industry
446000/US,RD0012/US,24,MT,U21,Use of Waste Treatment Commodity by IO Industry
447000/US,RD0012/US,10,MT,U21,Use of Waste Treatment Commodity by IO Industry
448000/US,RD0012/US,83,MT,U21,Use of Waste Treatment Commodity by IO Industry
454000/US,RD0012/US,54,MT,U21,Use of Waste Treatment Commodity by IO Industry
4B0000/US,RD0012/US,313,MT,U21,Use of Waste Treatment Commodity by IO Industry
481000/US,RD0012/US,205,MT,U21,Use of Waste Treatment Commodity by IO Industry
482000/US,RD0012/US,269,MT,U21,Use of Waste Treatment Commodity by IO Industry
483000/US,RD0012/US,254,MT,U21,Use of Waste Treatment Commodity by IO Industry
484000/US,RD0012/US,367,MT,U21,Use of Waste Treatment Commodity by IO Industry
485000/US,RD0012/US,59,MT,U21,Use of Waste Treatment Commodity by IO Industry
486000/US,RD0012/US,3018,MT,U21,Use of Waste Treatment Commodity by IO Industry
48A000/US,RD0012/US,724,MT,U21,Use of Waste Treatment Commodity by IO Industry
492000/US,RD0012/US,191,MT,U21,Use of Waste Treatment Commodity by IO Industry
493000/US,RD0012/US,220,MT,U21,Use of Waste Treatment Commodity by IO Industry
511110/US,RD0012/US,29,MT,U21,Use of Waste Treatment Commodity by IO Industry
511130/US,RD0012/US,10,MT,U21,Use of Waste Treatment Commodity by IO Industry
511200/US,RD0012/US,117,MT,U21,Use of Waste Treatment Commodity by IO Industry
512100/US,RD0012/US,34,MT,U21,Use of Waste Treatment Commodity by IO Industry
512200/US,RD0012/US,5,MT,U21,Use of Waste Treatment Commodity by IO Industry
515100/US,RD0012/US,15,MT,U21,Use of Waste Treatment Commodity by IO Industry
517110/US,RD0012/US,59,MT,U21,Use of Waste Treatment Commodity by IO Industry
517A00/US,RD0012/US,39,MT,U21,Use of Waste Treatment Commodity by IO Industry
518200/US,RD0012/US,5,MT,U21,Use of Waste Treatment Commodity by IO Industry
5191A0/US,RD0012/US,10,MT,U21,Use of Waste Treatment Commodity by IO Industry
522A00/US,RD0012/US,137,MT,U21,Use of Waste Treatment Commodity by IO Industry
52A000/US,RD0012/US,1164,MT,U21,Use of Waste Treatment Commodity by IO Industry
523900/US,RD0012/US,78,MT,U21,Use of Waste Treatment Commodity by IO Industry
523A00/US,RD0012/US,34,MT,U21,Use of Waste Treatment Commodity by IO Industry
524113/US,RD0012/US,15,MT,U21,Use of Waste Treatment Commodity by IO Industry
5241XX/US,RD0012/US,73,MT,U21,Use of Waste Treatment Commodity by IO Industry
524200/US,RD0012/US,54,MT,U21,Use of Waste Treatment Commodity by IO Industry
525000/US,RD0012/US,5033,MT,U21,Use of Waste Treatment Commodity by IO Industry
531ORE/US,RD0012/US,56330,MT,U21,Use of Waste Treatment Commodity by IO Industry
532100/US,RD0012/US,3336,MT,U21,Use of Waste Treatment Commodity by IO Industry
532400/US,RD0012/US,763,MT,U21,Use of Waste Treatment Commodity by IO Industry
532A00/US,RD0012/US,122,MT,U21,Use of Waste Treatment Commodity by IO Industry
533000/US,RD0012/US,39,MT,U21,Use of Waste Treatment Commodity by IO Industry
541100/US,RD0012/US,20,MT,U21,Use of Waste Treatment Commodity by IO Industry
541511/US,RD0012/US,15,MT,U21,Use of Waste Treatment Commodity by IO Industry
54151A/US,RD0012/US,5,MT,U21,Use of Waste Treatment Commodity by IO Industry
541200/US,RD0012/US,39,MT,U21,Use of Waste Treatment Commodity by IO Industry
541300/US,RD0012/US,98,MT,U21,Use of Waste Treatment Commodity by IO Industry
541610/US,RD0012/US,24,MT,U21,Use of Waste Treatment Commodity by IO Industry
5416A0/US,RD0012/US,15,MT,U21,Use of Waste Treatment Commodity by IO Industry
541700/US,RD0012/US,73,MT,U21,Use of Waste Treatment Commodity by IO Industry
541800/US,RD0012/US,29,MT,U21,Use of Waste Treatment Commodity by IO Industry
541400/US,RD0012/US,10,MT,U21,Use of Waste Treatment Commodity by IO Industry
541920/US,RD0012/US,5,MT,U21,Use of Waste Treatment Commodity by IO Industry
541940/US,RD0012/US,5,MT,U21,Use of Waste Treatment Commodity by IO Industry
5419A0/US,RD0012/US,73,MT,U21,Use of Waste Treatment Commodity by IO Industry
550000/US,RD0012/US,910,MT,U21,Use of Waste Treatment Commodity by IO Industry
561300/US,RD0012/US,15,MT,U21,Use of Waste Treatment Commodity by IO Industry
561700/US,RD0012/US,382,MT,U21,Use of Waste Treatment Commodity by IO Industry
561100/US,RD0012/US,29,MT,U21,Use of Waste Treatment Commodity by IO Industry
561200/US,RD0012/US,44,MT,U21,Use of Waste Treatment Commodity by IO Industry
561400/US,RD0012/US,24,MT,U21,Use of Waste Treatment Commodity by IO Industry
561500/US,RD0012/US,10,MT,U21,Use of Waste Treatment Commodity by IO Industry
561600/US,RD0012/US,24,MT,U21,Use of Waste Treatment Commodity by IO Industry
561900/US,RD0012/US,49,MT,U21,Use of Waste Treatment Commodity by IO Industry
562000/US,RD0012/US,289,MT,U21,Use of Waste Treatment Commodity by IO Industry
611100/US,RD0012/US,1683,MT,U21,Use of Waste Treatment Commodity by IO Industry
611A00/US,RD0012/US,6461,MT,U21,Use of Waste Treatment Commodity by IO Industry
611B00/US,RD0012/US,323,MT,U21,Use of Waste Treatment Commodity by IO Industry
621100/US,RD0012/US,98,MT,U21,Use of Waste Treatment Commodity by IO Industry
621200/US,RD0012/US,127,MT,U21,Use of Waste Treatment Commodity by IO Industry
621300/US,RD0012/US,54,MT,U21,Use of Waste Treatment Commodity by IO Industry
621400/US,RD0012/US,68,MT,U21,Use of Waste Treatment Commodity by IO Industry
621500/US,RD0012/US,15,MT,U21,Use of Waste Treatment Commodity by IO Industry
621600/US,RD0012/US,20,MT,U21,Use of Waste Treatment Commodity by IO Industry
621900/US,RD0012/US,83,MT,U21,Use of Waste Treatment Commodity by IO Industry
622000/US,RD0012/US,3096,MT,U21,Use of Waste Treatment Commodity by IO Industry
623A00/US,RD0012/US,347,MT,U21,Use of Waste Treatment Commodity by IO Industry
623B00/US,RD0012/US,103,MT,U21,Use of Waste Treatment Commodity by IO Industry
624100/US,RD0012/US,157,MT,U21,Use of Waste Treatment Commodity by IO Industry
624400/US,RD0012/US,54,MT,U21,Use of Waste Treatment Commodity by IO Industry
624A00/US,RD0012/US,98,MT,U21,Use of Waste Treatment Commodity by IO Industry
711100/US,RD0012/US,15,MT,U21,Use of Waste Treatment Commodity by IO Industry
711200/US,RD0012/US,20,MT,U21,Use of Waste Treatment Commodity by IO Industry
711A00/US,RD0012/US,20,MT,U21,Use of Waste Treatment Commodity by IO Industry
712000/US,RD0012/US,34,MT,U21,Use of Waste Treatment Commodity by IO Industry
713100/US,RD0012/US,29,MT,U21,Use of Waste Treatment Commodity by IO Industry
713200/US,RD0012/US,20,MT,U21,Use of Waste Treatment Commodity by IO Industry
713900/US,RD0012/US,337,MT,U21,Use of Waste Treatment Commodity by IO Industry
721000/US,RD0012/US,1022,MT,U21,Use of Waste Treatment Commodity by IO Industry
722110/US,RD0012/US,1330,MT,U21,Use of Waste Treatment Commodity by IO Industry
722211/US,RD0012/US,1140,MT,U21,Use of Waste Treatment Commodity by IO Industry
722A00/US,RD0012/US,73,MT,U21,Use of Waste Treatment Commodity by IO Industry
811100/US,RD0012/US,201,MT,U21,Use of Waste Treatment Commodity by IO Industry
811200/US,RD0012/US,20,MT,U21,Use of Waste Treatment Commodity by IO Industry
811300/US,RD0012/US,54,MT,U21,Use of Waste Treatment Commodity by IO Industry
811400/US,RD0012/US,10,MT,U21,Use of Waste Treatment Commodity by IO Industry
812100/US,RD0012/US,78,MT,U21,Use of Waste Treatment Commodity by IO Industry
812300/US,RD0012/US,274,MT,U21,Use of Waste Treatment Commodity by IO Industry
812900/US,RD0012/US,34,MT,U21,Use of Waste Treatment Commodity by IO Industry
813100/US,RD0012/US,1418,MT,U21,Use of Waste Treatment Commodity by IO Industry
813A00/US,RD0012/US,15,MT,U21,Use of Waste Treatment Commodity by IO Industry
813B00/US,RD0012/US,333,MT,U21,Use of Waste Treatment Commodity by IO Industry
S00500/US,RD0012/US,3424,MT,U21,Use of Waste Treatment Commodity by IO Industry
S00600/US,RD0012/US,1785,MT,U21,Use of Waste Treatment Commodity by IO Industry
491000/US,RD0012/US,1091,MT,U21,Use of Waste Treatment Commodity by IO Industry
S00101/US,RD0012/US,739,MT,U21,Use of Waste Treatment Commodity by IO Industry
S00102/US,RD0012/US,474,MT,U21,Use of Waste Treatment Commodity by IO Industry
GSLGE/US,RD0012/US,21022,MT,U21,Use of Waste Treatment Commodity by IO Industry
GSLGH/US,RD0012/US,5962,MT,U21,Use of Waste Treatment Commodity by IO Industry
GSLGO/US,RD0012/US,11787,MT,U21,Use of Waste Treatment Commodity by IO Industry
S00201/US,RD0012/US,259,MT,U21,Use of Waste Treatment Commodity by IO Industry
S00202/US,RD0012/US,10,MT,U21,Use of Waste Treatment Commodity by IO Industry
S00203/US,RD0012/US,2216,MT,U21,Use of Waste Treatment Commodity by IO Industry
F01000/US,RD0012/US,216742,MT,U21,Use of Waste Treatment Commodity by IO Industry
115000/US,RD0013/US,2078820,MT,U21,Use of Waste Treatment Commodity by IO Industry
212310/US,RD0013/US,319819,MT,U21,Use of Waste Treatment Commodity by IO Industry
2332D0/US,RD0013/US,319819,MT,U21,Use of Waste Treatment Commodity by IO Industry
325320/US,RD0013/US,12792741,MT,U21,Use of Waste Treatment Commodity by IO Industry
423100/US,RD0013/US,10022,MT,U21,Use of Waste Treatment Commodity by IO Industry
423400/US,RD0013/US,18378,MT,U21,Use of Waste Treatment Commodity by IO Industry
423600/US,RD0013/US,13975,MT,U21,Use of Waste Treatment Commodity by IO Industry
423800/US,RD0013/US,15357,MT,U21,Use of Waste Treatment Commodity by IO Industry
423A00/US,RD0013/US,22681,MT,U21,Use of Waste Treatment Commodity by IO Industry
424200/US,RD0013/US,13195,MT,U21,Use of Waste Treatment Commodity by IO Industry
424400/US,RD0013/US,12863,MT,U21,Use of Waste Treatment Commodity by IO Industry
424700/US,RD0013/US,15566,MT,U21,Use of Waste Treatment Commodity by IO Industry
424A00/US,RD0013/US,28974,MT,U21,Use of Waste Treatment Commodity by IO Industry
425000/US,RD0013/US,5653,MT,U21,Use of Waste Treatment Commodity by IO Industry
4200ID/US,RD0013/US,3245,MT,U21,Use of Waste Treatment Commodity by IO Industry
561700/US,RD0013/US,159909,MT,U21,Use of Waste Treatment Commodity by IO Industry
712000/US,RD0013/US,159909,MT,U21,Use of Waste Treatment Commodity by IO Industry
1111A0/US,RB0007/US,10302212.42,USD,W41,Waste Gen by IO Industries - Analogous to value in RB0007 Column in REI Make table
1111B0/US,RB0007/US,13889108.37,USD,W41,Waste Gen by IO Industries - Analogous to value in RB0007 Column in REI Make table
111200/US,RB0007/US,3047513.098,USD,W41,Waste Gen by IO Industries - Analogous to value in RB0007 Column in REI Make table
111300/US,RB0007/US,3856587.372,USD,W41,Waste Gen by IO Industries - Analogous to value in RB0007 Column in REI Make table
111400/US,RB0007/US,2049654.827,USD,W41,Waste Gen by IO Industries - Analogous to value in RB0007 Column in REI Make table
111900/US,RB0007/US,4638692.503,USD,W41,Waste Gen by IO Industries - Analogous to value in RB0007 Column in REI Make table
112120/US,RB0007/US,2292377.109,USD,W41,Waste Gen by IO Industries - Analogous to value in RB0007 Column in REI Make table
112300/US,RB0007/US,1618148.548,USD,W41,Waste Gen by IO Industries - Analogous to value in RB0007 Column in REI Make table
112A00/US,RB0007/US,3344173.665,USD,W41,Waste Gen by IO Industries - Analogous to value in RB0007 Column in REI Make table
113000/US,RB0007/US,161814.8548,USD,W41,Waste Gen by IO Industries - Analogous to value in RB0007 Column in REI Make table
114000/US,RB0007/US,458475.4218,USD,W41,Waste Gen by IO Industries - Analogous to value in RB0007 Column in REI Make table
115000/US,RB0007/US,377567.9945,USD,W41,Waste Gen by IO Industries - Analogous to value in RB0007 Column in REI Make table
211000/US,RB0007/US,25189179.06,USD,W41,Waste Gen by IO Industries - Analogous to value in RB0007 Column in REI Make table
212100/US,RB0007/US,18905368.87,USD,W41,Waste Gen by IO Industries - Analogous to value in RB0007 Column in REI Make table
212230/US,RB0007/US,9924644.426,USD,W41,Waste Gen by IO Industries - Analogous to value in RB0007 Column in REI Make table
2122A0/US,RB0007/US,4719599.931,USD,W41,Waste Gen by IO Industries - Analogous to value in RB0007 Column in REI Make table
212310/US,RB0007/US,12540651.24,USD,W41,Waste Gen by IO Industries - Analogous to value in RB0007 Column in REI Make table
2123A0/US,RB0007/US,13970015.79,USD,W41,Waste Gen by IO Industries - Analogous to value in RB0007 Column in REI Make table
213111/US,RB0007/US,4476877.649,USD,W41,Waste Gen by IO Industries - Analogous to value in RB0007 Column in REI Make table
21311A/US,RB0007/US,54181007.2,USD,W41,Waste Gen by IO Industries - Analogous to value in RB0007 Column in REI Make table
221100/US,RB0007/US,185520731,USD,W41,Waste Gen by IO Industries - Analogous to value in RB0007 Column in REI Make table
221200/US,RB0007/US,9304354.149,USD,W41,Waste Gen by IO Industries - Analogous to value in RB0007 Column in REI Make table
221300/US,RB0007/US,3721741.66,USD,W41,Waste Gen by IO Industries - Analogous to value in RB0007 Column in REI Make table
233210/US,RB0007/US,161814.8548,USD,W41,Waste Gen by IO Industries - Analogous to value in RB0007 Column in REI Make table
233262/US,RB0007/US,323629.7095,USD,W41,Waste Gen by IO Industries - Analogous to value in RB0007 Column in REI Make table
230301/US,RB0007/US,1078765.698,USD,W41,Waste Gen by IO Industries - Analogous to value in RB0007 Column in REI Make table
230302/US,RB0007/US,188783.9972,USD,W41,Waste Gen by IO Industries - Analogous to value in RB0007 Column in REI Make table
2332A0/US,RB0007/US,404537.1369,USD,W41,Waste Gen by IO Industries - Analogous to value in RB0007 Column in REI Make table
233412/US,RB0007/US,53938.28492,USD,W41,Waste Gen by IO Industries - Analogous to value in RB0007 Column in REI Make table
2334A0/US,RB0007/US,701197.704,USD,W41,Waste Gen by IO Industries - Analogous to value in RB0007 Column in REI Make table
233230/US,RB0007/US,242722.2822,USD,W41,Waste Gen by IO Industries - Analogous to value in RB0007 Column in REI Make table
2332D0/US,RB0007/US,620290.2766,USD,W41,Waste Gen by IO Industries - Analogous to value in RB0007 Column in REI Make table
233240/US,RB0007/US,674228.5615,USD,W41,Waste Gen by IO Industries - Analogous to value in RB0007 Column in REI Make table
233411/US,RB0007/US,431506.2794,USD,W41,Waste Gen by IO Industries - Analogous to value in RB0007 Column in REI Make table
2332C0/US,RB0007/US,674228.5615,USD,W41,Waste Gen by IO Industries - Analogous to value in RB0007 Column in REI Make table
321100/US,RB0007/US,1699055.975,USD,W41,Waste Gen by IO Industries - Analogous to value in RB0007 Column in REI Make table
321200/US,RB0007/US,1051796.556,USD,W41,Waste Gen by IO Industries - Analogous to value in RB0007 Column in REI Make table
321910/US,RB0007/US,836043.4163,USD,W41,Waste Gen by IO Industries - Analogous to value in RB0007 Column in REI Make table
3219A0/US,RB0007/US,889981.7012,USD,W41,Waste Gen by IO Industries - Analogous to value in RB0007 Column in REI Make table
327100/US,RB0007/US,728166.8465,USD,W41,Waste Gen by IO Industries - Analogous to value in RB0007 Column in REI Make table
327200/US,RB0007/US,2562068.534,USD,W41,Waste Gen by IO Industries - Analogous to value in RB0007 Column in REI Make table
327310/US,RB0007/US,1051796.556,USD,W41,Waste Gen by IO Industries - Analogous to value in RB0007 Column in REI Make table
327320/US,RB0007/US,2130562.254,USD,W41,Waste Gen by IO Industries - Analogous to value in RB0007 Column in REI Make table
327330/US,RB0007/US,539382.8492,USD,W41,Waste Gen by IO Industries - Analogous to value in RB0007 Column in REI Make table
327390/US,RB0007/US,674228.5615,USD,W41,Waste Gen by IO Industries - Analogous to value in RB0007 Column in REI Make table
327400/US,RB0007/US,431506.2794,USD,W41,Waste Gen by IO Industries - Analogous to value in RB0007 Column in REI Make table
327910/US,RB0007/US,296660.5671,USD,W41,Waste Gen by IO Industries - Analogous to value in RB0007 Column in REI Make table
327991/US,RB0007/US,269691.4246,USD,W41,Waste Gen by IO Industries - Analogous to value in RB0007 Column in REI Make table
327992/US,RB0007/US,377567.9945,USD,W41,Waste Gen by IO Industries - Analogous to value in RB0007 Column in REI Make table
327993/US,RB0007/US,350598.852,USD,W41,Waste Gen by IO Industries - Analogous to value in RB0007 Column in REI Make table
327999/US,RB0007/US,188783.9972,USD,W41,Waste Gen by IO Industries - Analogous to value in RB0007 Column in REI Make table
331110/US,RB0007/US,9816767.856,USD,W41,Waste Gen by IO Industries - Analogous to value in RB0007 Column in REI Make table
331200/US,RB0007/US,1240580.553,USD,W41,Waste Gen by IO Industries - Analogous to value in RB0007 Column in REI Make table
331314/US,RB0007/US,269691.4246,USD,W41,Waste Gen by IO Industries - Analogous to value in RB0007 Column in REI Make table
331313/US,RB0007/US,458475.4218,USD,W41,Waste Gen by IO Industries - Analogous to value in RB0007 Column in REI Make table
33131B/US,RB0007/US,1510271.978,USD,W41,Waste Gen by IO Industries - Analogous to value in RB0007 Column in REI Make table
331410/US,RB0007/US,889981.7012,USD,W41,Waste Gen by IO Industries - Analogous to value in RB0007 Column in REI Make table
331420/US,RB0007/US,674228.5615,USD,W41,Waste Gen by IO Industries - Analogous to value in RB0007 Column in REI Make table
331490/US,RB0007/US,863012.5588,USD,W41,Waste Gen by IO Industries - Analogous to value in RB0007 Column in REI Make table
331510/US,RB0007/US,1267549.696,USD,W41,Waste Gen by IO Industries - Analogous to value in RB0007 Column in REI Make table
331520/US,RB0007/US,1375426.266,USD,W41,Waste Gen by IO Industries - Analogous to value in RB0007 Column in REI Make table
332114/US,RB0007/US,404537.1369,USD,W41,Waste Gen by IO Industries - Analogous to value in RB0007 Column in REI Make table
33211A/US,RB0007/US,1267549.696,USD,W41,Waste Gen by IO Industries - Analogous to value in RB0007 Column in REI Make table
332119/US,RB0007/US,566351.9917,USD,W41,Waste Gen by IO Industries - Analogous to value in RB0007 Column in REI Make table
332200/US,RB0007/US,539382.8492,USD,W41,Waste Gen by IO Industries - Analogous to value in RB0007 Column in REI Make table
332310/US,RB0007/US,1429364.55,USD,W41,Waste Gen by IO Industries - Analogous to value in RB0007 Column in REI Make table
332320/US,RB0007/US,1267549.696,USD,W41,Waste Gen by IO Industries - Analogous to value in RB0007 Column in REI Make table
332410/US,RB0007/US,269691.4246,USD,W41,Waste Gen by IO Industries - Analogous to value in RB0007 Column in REI Make table
332420/US,RB0007/US,296660.5671,USD,W41,Waste Gen by IO Industries - Analogous to value in RB0007 Column in REI Make table
332430/US,RB0007/US,458475.4218,USD,W41,Waste Gen by IO Industries - Analogous to value in RB0007 Column in REI Make table
332500/US,RB0007/US,269691.4246,USD,W41,Waste Gen by IO Industries - Analogous to value in RB0007 Column in REI Make table
332600/US,RB0007/US,539382.8492,USD,W41,Waste Gen by IO Industries - Analogous to value in RB0007 Column in REI Make table
332710/US,RB0007/US,2831759.958,USD,W41,Waste Gen by IO Industries - Analogous to value in RB0007 Column in REI Make table
332720/US,RB0007/US,1941778.257,USD,W41,Waste Gen by IO Industries - Analogous to value in RB0007 Column in REI Make table
332800/US,RB0007/US,1887839.972,USD,W41,Waste Gen by IO Industries - Analogous to value in RB0007 Column in REI Make table
332913/US,RB0007/US,107876.5698,USD,W41,Waste Gen by IO Industries - Analogous to value in RB0007 Column in REI Make table
33291A/US,RB0007/US,1348457.123,USD,W41,Waste Gen by IO Industries - Analogous to value in RB0007 Column in REI Make table
332991/US,RB0007/US,512413.7068,USD,W41,Waste Gen by IO Industries - Analogous to value in RB0007 Column in REI Make table
332996/US,RB0007/US,404537.1369,USD,W41,Waste Gen by IO Industries - Analogous to value in RB0007 Column in REI Make table
33299A/US,RB0007/US,512413.7068,USD,W41,Waste Gen by IO Industries - Analogous to value in RB0007 Column in REI Make table
332999/US,RB0007/US,674228.5615,USD,W41,Waste Gen by IO Industries - Analogous to value in RB0007 Column in REI Make table
333111/US,RB0007/US,782105.1314,USD,W41,Waste Gen by IO Industries - Analogous to value in RB0007 Column in REI Make table
333112/US,RB0007/US,107876.5698,USD,W41,Waste Gen by IO Industries - Analogous to value in RB0007 Column in REI Make table
333120/US,RB0007/US,1429364.55,USD,W41,Waste Gen by IO Industries - Analogous to value in RB0007 Column in REI Make table
333130/US,RB0007/US,1348457.123,USD,W41,Waste Gen by IO Industries - Analogous to value in RB0007 Column in REI Make table
333242/US,RB0007/US,188783.9972,USD,W41,Waste Gen by IO Industries - Analogous to value in RB0007 Column in REI Make table
33329A/US,RB0007/US,755135.9889,USD,W41,Waste Gen by IO Industries - Analogous to value in RB0007 Column in REI Make table
333314/US,RB0007/US,242722.2822,USD,W41,Waste Gen by IO Industries - Analogous to value in RB0007 Column in REI Make table
333316/US,RB0007/US,26969.14246,USD,W41,Waste Gen by IO Industries - Analogous to value in RB0007 Column in REI Make table
333318/US,RB0007/US,593321.1341,USD,W41,Waste Gen by IO Industries - Analogous to value in RB0007 Column in REI Make table
333414/US,RB0007/US,161814.8548,USD,W41,Waste Gen by IO Industries - Analogous to value in RB0007 Column in REI Make table
333415/US,RB0007/US,674228.5615,USD,W41,Waste Gen by IO Industries - Analogous to value in RB0007 Column in REI Make table
333413/US,RB0007/US,188783.9972,USD,W41,Waste Gen by IO Industries - Analogous to value in RB0007 Column in REI Make table
333511/US,RB0007/US,485444.5643,USD,W41,Waste Gen by IO Industries - Analogous to value in RB0007 Column in REI Make table
333514/US,RB0007/US,404537.1369,USD,W41,Waste Gen by IO Industries - Analogous to value in RB0007 Column in REI Make table
333517/US,RB0007/US,215753.1397,USD,W41,Waste Gen by IO Industries - Analogous to value in RB0007 Column in REI Make table
33351B/US,RB0007/US,539382.8492,USD,W41,Waste Gen by IO Industries - Analogous to value in RB0007 Column in REI Make table
333611/US,RB0007/US,350598.852,USD,W41,Waste Gen by IO Industries - Analogous to value in RB0007 Column in REI Make table
333612/US,RB0007/US,512413.7068,USD,W41,Waste Gen by IO Industries - Analogous to value in RB0007 Column in REI Make table
333613/US,RB0007/US,242722.2822,USD,W41,Waste Gen by IO Industries - Analogous to value in RB0007 Column in REI Make table
333618/US,RB0007/US,782105.1314,USD,W41,Waste Gen by IO Industries - Analogous to value in RB0007 Column in REI Make table
333912/US,RB0007/US,215753.1397,USD,W41,Waste Gen by IO Industries - Analogous to value in RB0007 Column in REI Make table
33391A/US,RB0007/US,512413.7068,USD,W41,Waste Gen by IO Industries - Analogous to value in RB0007 Column in REI Make table
333920/US,RB0007/US,728166.8465,USD,W41,Waste Gen by IO Industries - Analogous to value in RB0007 Column in REI Make table
333991/US,RB0007/US,161814.8548,USD,W41,Waste Gen by IO Industries - Analogous to value in RB0007 Column in REI Make table
333993/US,RB0007/US,134845.7123,USD,W41,Waste Gen by IO Industries - Analogous to value in RB0007 Column in REI Make table
333994/US,RB0007/US,53938.28492,USD,W41,Waste Gen by IO Industries - Analogous to value in RB0007 Column in REI Make table
33399A/US,RB0007/US,728166.8465,USD,W41,Waste Gen by IO Industries - Analogous to value in RB0007 Column in REI Make table
33399B/US,RB0007/US,431506.2794,USD,W41,Waste Gen by IO Industries - Analogous to value in RB0007 Column in REI Make table
334112/US,RB0007/US,350598.852,USD,W41,Waste Gen by IO Industries - Analogous to value in RB0007 Column in REI Make table
334118/US,RB0007/US,80907.42738,USD,W41,Waste Gen by IO Industries - Analogous to value in RB0007 Column in REI Make table
334210/US,RB0007/US,53938.28492,USD,W41,Waste Gen by IO Industries - Analogous to value in RB0007 Column in REI Make table
334220/US,RB0007/US,161814.8548,USD,W41,Waste Gen by IO Industries - Analogous to value in RB0007 Column in REI Make table
334290/US,RB0007/US,53938.28492,USD,W41,Waste Gen by IO Industries - Analogous to value in RB0007 Column in REI Make table
334413/US,RB0007/US,1968747.4,USD,W41,Waste Gen by IO Industries - Analogous to value in RB0007 Column in REI Make table
334418/US,RB0007/US,215753.1397,USD,W41,Waste Gen by IO Industries - Analogous to value in RB0007 Column in REI Make table
33441A/US,RB0007/US,1375426.266,USD,W41,Waste Gen by IO Industries - Analogous to value in RB0007 Column in REI Make table
334510/US,RB0007/US,188783.9972,USD,W41,Waste Gen by IO Industries - Analogous to value in RB0007 Column in REI Make table
334511/US,RB0007/US,242722.2822,USD,W41,Waste Gen by IO Industries - Analogous to value in RB0007 Column in REI Make table
334512/US,RB0007/US,26969.14246,USD,W41,Waste Gen by IO Industries - Analogous to value in RB0007 Column in REI Make table
334513/US,RB0007/US,188783.9972,USD,W41,Waste Gen by IO Industries - Analogous to value in RB0007 Column in REI Make table
334514/US,RB0007/US,26969.14246,USD,W41,Waste Gen by IO Industries - Analogous to value in RB0007 Column in REI Make table
334515/US,RB0007/US,53938.28492,USD,W41,Waste Gen by IO Industries - Analogous to value in RB0007 Column in REI Make table
334516/US,RB0007/US,134845.7123,USD,W41,Waste Gen by IO Industries - Analogous to value in RB0007 Column in REI Make table
334517/US,RB0007/US,53938.28492,USD,W41,Waste Gen by IO Industries - Analogous to value in RB0007 Column in REI Make table
33451A/US,RB0007/US,107876.5698,USD,W41,Waste Gen by IO Industries - Analogous to value in RB0007 Column in REI Make table
334300/US,RB0007/US,26969.14246,USD,W41,Waste Gen by IO Industries - Analogous to value in RB0007 Column in REI Make table
334610/US,RB0007/US,80907.42738,USD,W41,Waste Gen by IO Industries - Analogous to value in RB0007 Column in REI Make table
335110/US,RB0007/US,26969.14246,USD,W41,Waste Gen by IO Industries - Analogous to value in RB0007 Column in REI Make table
335120/US,RB0007/US,269691.4246,USD,W41,Waste Gen by IO Industries - Analogous to value in RB0007 Column in REI Make table
335210/US,RB0007/US,53938.28492,USD,W41,Waste Gen by IO Industries - Analogous to value in RB0007 Column in REI Make table
335221/US,RB0007/US,80907.42738,USD,W41,Waste Gen by IO Industries - Analogous to value in RB0007 Column in REI Make table
335222/US,RB0007/US,80907.42738,USD,W41,Waste Gen by IO Industries - Analogous to value in RB0007 Column in REI Make table
335224/US,RB0007/US,53938.28492,USD,W41,Waste Gen by IO Industries - Analogous to value in RB0007 Column in REI Make table
335228/US,RB0007/US,53938.28492,USD,W41,Waste Gen by IO Industries - Analogous to value in RB0007 Column in REI Make table
335311/US,RB0007/US,242722.2822,USD,W41,Waste Gen by IO Industries - Analogous to value in RB0007 Column in REI Make table
335312/US,RB0007/US,188783.9972,USD,W41,Waste Gen by IO Industries - Analogous to value in RB0007 Column in REI Make table
335313/US,RB0007/US,431506.2794,USD,W41,Waste Gen by IO Industries - Analogous to value in RB0007 Column in REI Make table
335314/US,RB0007/US,188783.9972,USD,W41,Waste Gen by IO Industries - Analogous to value in RB0007 Column in REI Make table
335911/US,RB0007/US,566351.9917,USD,W41,Waste Gen by IO Industries - Analogous to value in RB0007 Column in REI Make table
335912/US,RB0007/US,323629.7095,USD,W41,Waste Gen by IO Industries - Analogous to value in RB0007 Column in REI Make table
335920/US,RB0007/US,485444.5643,USD,W41,Waste Gen by IO Industries - Analogous to value in RB0007 Column in REI Make table
335930/US,RB0007/US,404537.1369,USD,W41,Waste Gen by IO Industries - Analogous to value in RB0007 Column in REI Make table
335991/US,RB0007/US,161814.8548,USD,W41,Waste Gen by IO Industries - Analogous to value in RB0007 Column in REI Make table
335999/US,RB0007/US,242722.2822,USD,W41,Waste Gen by IO Industries - Analogous to value in RB0007 Column in REI Make table
336111/US,RB0007/US,593321.1341,USD,W41,Waste Gen by IO Industries - Analogous to value in RB0007 Column in REI Make table
336112/US,RB0007/US,1591179.405,USD,W41,Waste Gen by IO Industries - Analogous to value in RB0007 Column in REI Make table
336120/US,RB0007/US,296660.5671,USD,W41,Waste Gen by IO Industries - Analogous to value in RB0007 Column in REI Make table
336211/US,RB0007/US,296660.5671,USD,W41,Waste Gen by IO Industries - Analogous to value in RB0007 Column in REI Make table
336212/US,RB0007/US,188783.9972,USD,W41,Waste Gen by IO Industries - Analogous to value in RB0007 Column in REI Make table
336213/US,RB0007/US,26969.14246,USD,W41,Waste Gen by IO Industries - Analogous to value in RB0007 Column in REI Make table
336214/US,RB0007/US,161814.8548,USD,W41,Waste Gen by IO Industries - Analogous to value in RB0007 Column in REI Make table
336310/US,RB0007/US,863012.5588,USD,W41,Waste Gen by IO Industries - Analogous to value in RB0007 Column in REI Make table
336320/US,RB0007/US,350598.852,USD,W41,Waste Gen by IO Industries - Analogous to value in RB0007 Column in REI Make table
336350/US,RB0007/US,1914809.115,USD,W41,Waste Gen by IO Industries - Analogous to value in RB0007 Column in REI Make table
336360/US,RB0007/US,701197.704,USD,W41,Waste Gen by IO Industries - Analogous to value in RB0007 Column in REI Make table
336370/US,RB0007/US,1618148.548,USD,W41,Waste Gen by IO Industries - Analogous to value in RB0007 Column in REI Make table
336390/US,RB0007/US,1591179.405,USD,W41,Waste Gen by IO Industries - Analogous to value in RB0007 Column in REI Make table
3363A0/US,RB0007/US,889981.7012,USD,W41,Waste Gen by IO Industries - Analogous to value in RB0007 Column in REI Make table
336411/US,RB0007/US,350598.852,USD,W41,Waste Gen by IO Industries - Analogous to value in RB0007 Column in REI Make table
336412/US,RB0007/US,997858.2711,USD,W41,Waste Gen by IO Industries - Analogous to value in RB0007 Column in REI Make table
336413/US,RB0007/US,809074.2738,USD,W41,Waste Gen by IO Industries - Analogous to value in RB0007 Column in REI Make table
336414/US,RB0007/US,296660.5671,USD,W41,Waste Gen by IO Industries - Analogous to value in RB0007 Column in REI Make table
33641A/US,RB0007/US,188783.9972,USD,W41,Waste Gen by IO Industries - Analogous to value in RB0007 Column in REI Make table
336500/US,RB0007/US,512413.7068,USD,W41,Waste Gen by IO Industries - Analogous to value in RB0007 Column in REI Make table
336611/US,RB0007/US,1806932.545,USD,W41,Waste Gen by IO Industries - Analogous to value in RB0007 Column in REI Make table
336612/US,RB0007/US,107876.5698,USD,W41,Waste Gen by IO Industries - Analogous to value in RB0007 Column in REI Make table
336991/US,RB0007/US,107876.5698,USD,W41,Waste Gen by IO Industries - Analogous to value in RB0007 Column in REI Make table
336992/US,RB0007/US,53938.28492,USD,W41,Waste Gen by IO Industries - Analogous to value in RB0007 Column in REI Make table
336999/US,RB0007/US,80907.42738,USD,W41,Waste Gen by IO Industries - Analogous to value in RB0007 Column in REI Make table
337110/US,RB0007/US,485444.5643,USD,W41,Waste Gen by IO Industries - Analogous to value in RB0007 Column in REI Make table
337121/US,RB0007/US,296660.5671,USD,W41,Waste Gen by IO Industries - Analogous to value in RB0007 Column in REI Make table
337122/US,RB0007/US,188783.9972,USD,W41,Waste Gen by IO Industries - Analogous to value in RB0007 Column in REI Make table
337127/US,RB0007/US,215753.1397,USD,W41,Waste Gen by IO Industries - Analogous to value in RB0007 Column in REI Make table
33712N/US,RB0007/US,134845.7123,USD,W41,Waste Gen by IO Industries - Analogous to value in RB0007 Column in REI Make table
337215/US,RB0007/US,323629.7095,USD,W41,Waste Gen by IO Industries - Analogous to value in RB0007 Column in REI Make table
33721A/US,RB0007/US,782105.1314,USD,W41,Waste Gen by IO Industries - Analogous to value in RB0007 Column in REI Make table
337900/US,RB0007/US,188783.9972,USD,W41,Waste Gen by IO Industries - Analogous to value in RB0007 Column in REI Make table
339112/US,RB0007/US,1240580.553,USD,W41,Waste Gen by IO Industries - Analogous to value in RB0007 Column in REI Make table
339113/US,RB0007/US,836043.4163,USD,W41,Waste Gen by IO Industries - Analogous to value in RB0007 Column in REI Make table
339114/US,RB0007/US,107876.5698,USD,W41,Waste Gen by IO Industries - Analogous to value in RB0007 Column in REI Make table
339115/US,RB0007/US,242722.2822,USD,W41,Waste Gen by IO Industries - Analogous to value in RB0007 Column in REI Make table
339116/US,RB0007/US,323629.7095,USD,W41,Waste Gen by IO Industries - Analogous to value in RB0007 Column in REI Make table
339910/US,RB0007/US,80907.42738,USD,W41,Waste Gen by IO Industries - Analogous to value in RB0007 Column in REI Make table
339920/US,RB0007/US,242722.2822,USD,W41,Waste Gen by IO Industries - Analogous to value in RB0007 Column in REI Make table
339930/US,RB0007/US,26969.14246,USD,W41,Waste Gen by IO Industries - Analogous to value in RB0007 Column in REI Make table
339940/US,RB0007/US,107876.5698,USD,W41,Waste Gen by IO Industries - Analogous to value in RB0007 Column in REI Make table
339950/US,RB0007/US,485444.5643,USD,W41,Waste Gen by IO Industries - Analogous to value in RB0007 Column in REI Make table
339990/US,RB0007/US,997858.2711,USD,W41,Waste Gen by IO Industries - Analogous to value in RB0007 Column in REI Make table
311111/US,RB0007/US,701197.704,USD,W41,Waste Gen by IO Industries - Analogous to value in RB0007 Column in REI Make table
311119/US,RB0007/US,674228.5615,USD,W41,Waste Gen by IO Industries - Analogous to value in RB0007 Column in REI Make table
311210/US,RB0007/US,997858.2711,USD,W41,Waste Gen by IO Industries - Analogous to value in RB0007 Column in REI Make table
311221/US,RB0007/US,889981.7012,USD,W41,Waste Gen by IO Industries - Analogous to value in RB0007 Column in REI Make table
311225/US,RB0007/US,485444.5643,USD,W41,Waste Gen by IO Industries - Analogous to value in RB0007 Column in REI Make table
311224/US,RB0007/US,809074.2738,USD,W41,Waste Gen by IO Industries - Analogous to value in RB0007 Column in REI Make table
311230/US,RB0007/US,350598.852,USD,W41,Waste Gen by IO Industries - Analogous to value in RB0007 Column in REI Make table
311300/US,RB0007/US,1645117.69,USD,W41,Waste Gen by IO Industries - Analogous to value in RB0007 Column in REI Make table
311410/US,RB0007/US,1321487.981,USD,W41,Waste Gen by IO Industries - Analogous to value in RB0007 Column in REI Make table
311420/US,RB0007/US,1240580.553,USD,W41,Waste Gen by IO Industries - Analogous to value in RB0007 Column in REI Make table
311513/US,RB0007/US,728166.8465,USD,W41,Waste Gen by IO Industries - Analogous to value in RB0007 Column in REI Make table
311514/US,RB0007/US,970889.1286,USD,W41,Waste Gen by IO Industries - Analogous to value in RB0007 Column in REI Make table
31151A/US,RB0007/US,2103593.112,USD,W41,Waste Gen by IO Industries - Analogous to value in RB0007 Column in REI Make table
311520/US,RB0007/US,539382.8492,USD,W41,Waste Gen by IO Industries - Analogous to value in RB0007 Column in REI Make table
311615/US,RB0007/US,1537241.12,USD,W41,Waste Gen by IO Industries - Analogous to value in RB0007 Column in REI Make table
31161A/US,RB0007/US,3398111.95,USD,W41,Waste Gen by IO Industries - Analogous to value in RB0007 Column in REI Make table
311700/US,RB0007/US,458475.4218,USD,W41,Waste Gen by IO Industries - Analogous to value in RB0007 Column in REI Make table
311810/US,RB0007/US,2022685.685,USD,W41,Waste Gen by IO Industries - Analogous to value in RB0007 Column in REI Make table
3118A0/US,RB0007/US,1159673.126,USD,W41,Waste Gen by IO Industries - Analogous to value in RB0007 Column in REI Make table
311910/US,RB0007/US,1510271.978,USD,W41,Waste Gen by IO Industries - Analogous to value in RB0007 Column in REI Make table
311920/US,RB0007/US,350598.852,USD,W41,Waste Gen by IO Industries - Analogous to value in RB0007 Column in REI Make table
311930/US,RB0007/US,350598.852,USD,W41,Waste Gen by IO Industries - Analogous to value in RB0007 Column in REI Make table
311940/US,RB0007/US,863012.5588,USD,W41,Waste Gen by IO Industries - Analogous to value in RB0007 Column in REI Make table
311990/US,RB0007/US,1240580.553,USD,W41,Waste Gen by IO Industries - Analogous to value in RB0007 Column in REI Make table
312110/US,RB0007/US,2238438.824,USD,W41,Waste Gen by IO Industries - Analogous to value in RB0007 Column in REI Make table
312120/US,RB0007/US,404537.1369,USD,W41,Waste Gen by IO Industries - Analogous to value in RB0007 Column in REI Make table
312130/US,RB0007/US,485444.5643,USD,W41,Waste Gen by IO Industries - Analogous to value in RB0007 Column in REI Make table
312140/US,RB0007/US,188783.9972,USD,W41,Waste Gen by IO Industries - Analogous to value in RB0007 Column in REI Make table
312200/US,RB0007/US,1024827.414,USD,W41,Waste Gen by IO Industries - Analogous to value in RB0007 Column in REI Make table
313100/US,RB0007/US,215753.1397,USD,W41,Waste Gen by IO Industries - Analogous to value in RB0007 Column in REI Make table
313200/US,RB0007/US,728166.8465,USD,W41,Waste Gen by IO Industries - Analogous to value in RB0007 Column in REI Make table
313300/US,RB0007/US,431506.2794,USD,W41,Waste Gen by IO Industries - Analogous to value in RB0007 Column in REI Make table
314110/US,RB0007/US,296660.5671,USD,W41,Waste Gen by IO Industries - Analogous to value in RB0007 Column in REI Make table
314120/US,RB0007/US,53938.28492,USD,W41,Waste Gen by IO Industries - Analogous to value in RB0007 Column in REI Make table
314900/US,RB0007/US,377567.9945,USD,W41,Waste Gen by IO Industries - Analogous to value in RB0007 Column in REI Make table
315000/US,RB0007/US,134845.7123,USD,W41,Waste Gen by IO Industries - Analogous to value in RB0007 Column in REI Make table
316000/US,RB0007/US,161814.8548,USD,W41,Waste Gen by IO Industries - Analogous to value in RB0007 Column in REI Make table
322110/US,RB0007/US,1159673.126,USD,W41,Waste Gen by IO Industries - Analogous to value in RB0007 Column in REI Make table
322120/US,RB0007/US,3937494.799,USD,W41,Waste Gen by IO Industries - Analogous to value in RB0007 Column in REI Make table
322130/US,RB0007/US,4557785.076,USD,W41,Waste Gen by IO Industries - Analogous to value in RB0007 Column in REI Make table
322210/US,RB0007/US,4935353.07,USD,W41,Waste Gen by IO Industries - Analogous to value in RB0007 Column in REI Make table
322220/US,RB0007/US,1213611.411,USD,W41,Waste Gen by IO Industries - Analogous to value in RB0007 Column in REI Make table
322230/US,RB0007/US,215753.1397,USD,W41,Waste Gen by IO Industries - Analogous to value in RB0007 Column in REI Make table
322291/US,RB0007/US,458475.4218,USD,W41,Waste Gen by IO Industries - Analogous to value in RB0007 Column in REI Make table
322299/US,RB0007/US,215753.1397,USD,W41,Waste Gen by IO Industries - Analogous to value in RB0007 Column in REI Make table
323110/US,RB0007/US,6445625.048,USD,W41,Waste Gen by IO Industries - Analogous to value in RB0007 Column in REI Make table
323120/US,RB0007/US,242722.2822,USD,W41,Waste Gen by IO Industries - Analogous to value in RB0007 Column in REI Make table
324110/US,RB0007/US,213379855.2,USD,W41,Waste Gen by IO Industries - Analogous to value in RB0007 Column in REI Make table
324121/US,RB0007/US,809074.2738,USD,W41,Waste Gen by IO Industries - Analogous to value in RB0007 Column in REI Make table
324122/US,RB0007/US,377567.9945,USD,W41,Waste Gen by IO Industries - Analogous to value in RB0007 Column in REI Make table
324190/US,RB0007/US,1806932.545,USD,W41,Waste Gen by IO Industries - Analogous to value in RB0007 Column in REI Make table
325110/US,RB0007/US,5690489.059,USD,W41,Waste Gen by IO Industries - Analogous to value in RB0007 Column in REI Make table
325120/US,RB0007/US,970889.1286,USD,W41,Waste Gen by IO Industries - Analogous to value in RB0007 Column in REI Make table
325130/US,RB0007/US,1024827.414,USD,W41,Waste Gen by IO Industries - Analogous to value in RB0007 Column in REI Make table
325180/US,RB0007/US,4854445.643,USD,W41,Waste Gen by IO Industries - Analogous to value in RB0007 Column in REI Make table
325190/US,RB0007/US,11623700.4,USD,W41,Waste Gen by IO Industries - Analogous to value in RB0007 Column in REI Make table
325211/US,RB0007/US,7389545.034,USD,W41,Waste Gen by IO Industries - Analogous to value in RB0007 Column in REI Make table
3252A0/US,RB0007/US,1267549.696,USD,W41,Waste Gen by IO Industries - Analogous to value in RB0007 Column in REI Make table
325411/US,RB0007/US,539382.8492,USD,W41,Waste Gen by IO Industries - Analogous to value in RB0007 Column in REI Make table
325412/US,RB0007/US,3101451.383,USD,W41,Waste Gen by IO Industries - Analogous to value in RB0007 Column in REI Make table
325413/US,RB0007/US,296660.5671,USD,W41,Waste Gen by IO Industries - Analogous to value in RB0007 Column in REI Make table
325414/US,RB0007/US,485444.5643,USD,W41,Waste Gen by IO Industries - Analogous to value in RB0007 Column in REI Make table
325310/US,RB0007/US,1510271.978,USD,W41,Waste Gen by IO Industries - Analogous to value in RB0007 Column in REI Make table
325320/US,RB0007/US,674228.5615,USD,W41,Waste Gen by IO Industries - Analogous to value in RB0007 Column in REI Make table
325510/US,RB0007/US,674228.5615,USD,W41,Waste Gen by IO Industries - Analogous to value in RB0007 Column in REI Make table
325520/US,RB0007/US,566351.9917,USD,W41,Waste Gen by IO Industries - Analogous to value in RB0007 Column in REI Make table
325610/US,RB0007/US,1779963.402,USD,W41,Waste Gen by IO Industries - Analogous to value in RB0007 Column in REI Make table
325620/US,RB0007/US,997858.2711,USD,W41,Waste Gen by IO Industries - Analogous to value in RB0007 Column in REI Make table
325910/US,RB0007/US,269691.4246,USD,W41,Waste Gen by IO Industries - Analogous to value in RB0007 Column in REI Make table
3259A0/US,RB0007/US,2804790.816,USD,W41,Waste Gen by IO Industries - Analogous to value in RB0007 Column in REI Make table
326110/US,RB0007/US,2454191.964,USD,W41,Waste Gen by IO Industries - Analogous to value in RB0007 Column in REI Make table
326120/US,RB0007/US,809074.2738,USD,W41,Waste Gen by IO Industries - Analogous to value in RB0007 Column in REI Make table
326130/US,RB0007/US,134845.7123,USD,W41,Waste Gen by IO Industries - Analogous to value in RB0007 Column in REI Make table
326140/US,RB0007/US,674228.5615,USD,W41,Waste Gen by IO Industries - Analogous to value in RB0007 Column in REI Make table
326150/US,RB0007/US,377567.9945,USD,W41,Waste Gen by IO Industries - Analogous to value in RB0007 Column in REI Make table
326160/US,RB0007/US,1078765.698,USD,W41,Waste Gen by IO Industries - Analogous to value in RB0007 Column in REI Make table
326190/US,RB0007/US,5879273.057,USD,W41,Waste Gen by IO Industries - Analogous to value in RB0007 Column in REI Make table
326210/US,RB0007/US,863012.5588,USD,W41,Waste Gen by IO Industries - Analogous to value in RB0007 Column in REI Make table
326220/US,RB0007/US,323629.7095,USD,W41,Waste Gen by IO Industries - Analogous to value in RB0007 Column in REI Make table
326290/US,RB0007/US,782105.1314,USD,W41,Waste Gen by IO Industries - Analogous to value in RB0007 Column in REI Make table
423100/US,RB0007/US,7632267.316,USD,W41,Waste Gen by IO Industries - Analogous to value in RB0007 Column in REI Make table
423400/US,RB0007/US,4638692.503,USD,W41,Waste Gen by IO Industries - Analogous to value in RB0007 Column in REI Make table
423600/US,RB0007/US,3937494.799,USD,W41,Waste Gen by IO Industries - Analogous to value in RB0007 Column in REI Make table
423800/US,RB0007/US,9466169.004,USD,W41,Waste Gen by IO Industries - Analogous to value in RB0007 Column in REI Make table
423A00/US,RB0007/US,7524390.747,USD,W41,Waste Gen by IO Industries - Analogous to value in RB0007 Column in REI Make table
424200/US,RB0007/US,1510271.978,USD,W41,Waste Gen by IO Industries - Analogous to value in RB0007 Column in REI Make table
424400/US,RB0007/US,4962322.213,USD,W41,Waste Gen by IO Industries - Analogous to value in RB0007 Column in REI Make table
424700/US,RB0007/US,3694772.517,USD,W41,Waste Gen by IO Industries - Analogous to value in RB0007 Column in REI Make table
424A00/US,RB0007/US,14779090.07,USD,W41,Waste Gen by IO Industries - Analogous to value in RB0007 Column in REI Make table
425000/US,RB0007/US,970889.1286,USD,W41,Waste Gen by IO Industries - Analogous to value in RB0007 Column in REI Make table
441000/US,RB0007/US,11920360.97,USD,W41,Waste Gen by IO Industries - Analogous to value in RB0007 Column in REI Make table
445000/US,RB0007/US,14185768.93,USD,W41,Waste Gen by IO Industries - Analogous to value in RB0007 Column in REI Make table
452000/US,RB0007/US,13592447.8,USD,W41,Waste Gen by IO Industries - Analogous to value in RB0007 Column in REI Make table
444000/US,RB0007/US,6769254.758,USD,W41,Waste Gen by IO Industries - Analogous to value in RB0007 Column in REI Make table
446000/US,RB0007/US,3802649.087,USD,W41,Waste Gen by IO Industries - Analogous to value in RB0007 Column in REI Make table
447000/US,RB0007/US,21386529.97,USD,W41,Waste Gen by IO Industries - Analogous to value in RB0007 Column in REI Make table
448000/US,RB0007/US,9358292.434,USD,W41,Waste Gen by IO Industries - Analogous to value in RB0007 Column in REI Make table
454000/US,RB0007/US,3047513.098,USD,W41,Waste Gen by IO Industries - Analogous to value in RB0007 Column in REI Make table
4B0000/US,RB0007/US,10787656.98,USD,W41,Waste Gen by IO Industries - Analogous to value in RB0007 Column in REI Make table
481000/US,RB0007/US,8818909.585,USD,W41,Waste Gen by IO Industries - Analogous to value in RB0007 Column in REI Make table
482000/US,RB0007/US,57228520.3,USD,W41,Waste Gen by IO Industries - Analogous to value in RB0007 Column in REI Make table
483000/US,RB0007/US,512413.7068,USD,W41,Waste Gen by IO Industries - Analogous to value in RB0007 Column in REI Make table
484000/US,RB0007/US,8171650.166,USD,W41,Waste Gen by IO Industries - Analogous to value in RB0007 Column in REI Make table
485000/US,RB0007/US,5447766.777,USD,W41,Waste Gen by IO Industries - Analogous to value in RB0007 Column in REI Make table
486000/US,RB0007/US,28317599.58,USD,W41,Waste Gen by IO Industries - Analogous to value in RB0007 Column in REI Make table
48A000/US,RB0007/US,39455855.42,USD,W41,Waste Gen by IO Industries - Analogous to value in RB0007 Column in REI Make table
492000/US,RB0007/US,5070198.783,USD,W41,Waste Gen by IO Industries - Analogous to value in RB0007 Column in REI Make table
493000/US,RB0007/US,23193462.52,USD,W41,Waste Gen by IO Industries - Analogous to value in RB0007 Column in REI Make table
511110/US,RB0007/US,512413.7068,USD,W41,Waste Gen by IO Industries - Analogous to value in RB0007 Column in REI Make table
511120/US,RB0007/US,539382.8492,USD,W41,Waste Gen by IO Industries - Analogous to value in RB0007 Column in REI Make table
511130/US,RB0007/US,701197.704,USD,W41,Waste Gen by IO Industries - Analogous to value in RB0007 Column in REI Make table
5111A0/US,RB0007/US,134845.7123,USD,W41,Waste Gen by IO Industries - Analogous to value in RB0007 Column in REI Make table
511200/US,RB0007/US,943919.9861,USD,W41,Waste Gen by IO Industries - Analogous to value in RB0007 Column in REI Make table
512100/US,RB0007/US,943919.9861,USD,W41,Waste Gen by IO Industries - Analogous to value in RB0007 Column in REI Make table
512200/US,RB0007/US,80907.42738,USD,W41,Waste Gen by IO Industries - Analogous to value in RB0007 Column in REI Make table
515100/US,RB0007/US,296660.5671,USD,W41,Waste Gen by IO Industries - Analogous to value in RB0007 Column in REI Make table
515200/US,RB0007/US,161814.8548,USD,W41,Waste Gen by IO Industries - Analogous to value in RB0007 Column in REI Make table
517110/US,RB0007/US,18824461.44,USD,W41,Waste Gen by IO Industries - Analogous to value in RB0007 Column in REI Make table
517210/US,RB0007/US,40615528.55,USD,W41,Waste Gen by IO Industries - Analogous to value in RB0007 Column in REI Make table
517A00/US,RB0007/US,2130562.254,USD,W41,Waste Gen by IO Industries - Analogous to value in RB0007 Column in REI Make table
518200/US,RB0007/US,3047513.098,USD,W41,Waste Gen by IO Industries - Analogous to value in RB0007 Column in REI Make table
519130/US,RB0007/US,1051796.556,USD,W41,Waste Gen by IO Industries - Analogous to value in RB0007 Column in REI Make table
522A00/US,RB0007/US,19363844.29,USD,W41,Waste Gen by IO Industries - Analogous to value in RB0007 Column in REI Make table
52A000/US,RB0007/US,69229788.7,USD,W41,Waste Gen by IO Industries - Analogous to value in RB0007 Column in REI Make table
523900/US,RB0007/US,21575313.97,USD,W41,Waste Gen by IO Industries - Analogous to value in RB0007 Column in REI Make table
523A00/US,RB0007/US,14158799.79,USD,W41,Waste Gen by IO Industries - Analogous to value in RB0007 Column in REI Make table
524113/US,RB0007/US,1726025.118,USD,W41,Waste Gen by IO Industries - Analogous to value in RB0007 Column in REI Make table
5241XX/US,RB0007/US,593321.1341,USD,W41,Waste Gen by IO Industries - Analogous to value in RB0007 Column in REI Make table
524200/US,RB0007/US,7200761.037,USD,W41,Waste Gen by IO Industries - Analogous to value in RB0007 Column in REI Make table
525000/US,RB0007/US,8953755.297,USD,W41,Waste Gen by IO Industries - Analogous to value in RB0007 Column in REI Make table
531HSO/US,RB0007/US,1612754719,USD,W41,Waste Gen by IO Industries - Analogous to value in RB0007 Column in REI Make table
531HST/US,RB0007/US,116425788,USD,W41,Waste Gen by IO Industries - Analogous to value in RB0007 Column in REI Make table
531ORE/US,RB0007/US,1341957560,USD,W41,Waste Gen by IO Industries - Analogous to value in RB0007 Column in REI Make table
532100/US,RB0007/US,215753.1397,USD,W41,Waste Gen by IO Industries - Analogous to value in RB0007 Column in REI Make table
532400/US,RB0007/US,3937494.799,USD,W41,Waste Gen by IO Industries - Analogous to value in RB0007 Column in REI Make table
532A00/US,RB0007/US,2696914.246,USD,W41,Waste Gen by IO Industries - Analogous to value in RB0007 Column in REI Make table
533000/US,RB0007/US,1564210.263,USD,W41,Waste Gen by IO Industries - Analogous to value in RB0007 Column in REI Make table
541100/US,RB0007/US,3371142.808,USD,W41,Waste Gen by IO Industries - Analogous to value in RB0007 Column in REI Make table
541511/US,RB0007/US,404537.1369,USD,W41,Waste Gen by IO Industries - Analogous to value in RB0007 Column in REI Make table
541512/US,RB0007/US,296660.5671,USD,W41,Waste Gen by IO Industries - Analogous to value in RB0007 Column in REI Make table
54151A/US,RB0007/US,161814.8548,USD,W41,Waste Gen by IO Industries - Analogous to value in RB0007 Column in REI Make table
541200/US,RB0007/US,1429364.55,USD,W41,Waste Gen by IO Industries - Analogous to value in RB0007 Column in REI Make table
541300/US,RB0007/US,4719599.931,USD,W41,Waste Gen by IO Industries - Analogous to value in RB0007 Column in REI Make table
541610/US,RB0007/US,997858.2711,USD,W41,Waste Gen by IO Industries - Analogous to value in RB0007 Column in REI Make table
5416A0/US,RB0007/US,161814.8548,USD,W41,Waste Gen by IO Industries - Analogous to value in RB0007 Column in REI Make table
541700/US,RB0007/US,4369001.079,USD,W41,Waste Gen by IO Industries - Analogous to value in RB0007 Column in REI Make table
541800/US,RB0007/US,6364717.621,USD,W41,Waste Gen by IO Industries - Analogous to value in RB0007 Column in REI Make table
541400/US,RB0007/US,134845.7123,USD,W41,Waste Gen by IO Industries - Analogous to value in RB0007 Column in REI Make table
541920/US,RB0007/US,134845.7123,USD,W41,Waste Gen by IO Industries - Analogous to value in RB0007 Column in REI Make table
541940/US,RB0007/US,269691.4246,USD,W41,Waste Gen by IO Industries - Analogous to value in RB0007 Column in REI Make table
5419A0/US,RB0007/US,916950.8437,USD,W41,Waste Gen by IO Industries - Analogous to value in RB0007 Column in REI Make table
550000/US,RB0007/US,13511540.37,USD,W41,Waste Gen by IO Industries - Analogous to value in RB0007 Column in REI Make table
561300/US,RB0007/US,485444.5643,USD,W41,Waste Gen by IO Industries - Analogous to value in RB0007 Column in REI Make table
561700/US,RB0007/US,2454191.964,USD,W41,Waste Gen by IO Industries - Analogous to value in RB0007 Column in REI Make table
561100/US,RB0007/US,323629.7095,USD,W41,Waste Gen by IO Industries - Analogous to value in RB0007 Column in REI Make table
561200/US,RB0007/US,4989291.355,USD,W41,Waste Gen by IO Industries - Analogous to value in RB0007 Column in REI Make table
561400/US,RB0007/US,350598.852,USD,W41,Waste Gen by IO Industries - Analogous to value in RB0007 Column in REI Make table
561500/US,RB0007/US,566351.9917,USD,W41,Waste Gen by IO Industries - Analogous to value in RB0007 Column in REI Make table
561600/US,RB0007/US,350598.852,USD,W41,Waste Gen by IO Industries - Analogous to value in RB0007 Column in REI Make table
561900/US,RB0007/US,350598.852,USD,W41,Waste Gen by IO Industries - Analogous to value in RB0007 Column in REI Make table
562000/US,RB0007/US,997858.2711,USD,W41,Waste Gen by IO Industries - Analogous to value in RB0007 Column in REI Make table
611A00/US,RB0007/US,701197.704,USD,W41,Waste Gen by IO Industries - Analogous to value in RB0007 Column in REI Make table
611B00/US,RB0007/US,3586895.947,USD,W41,Waste Gen by IO Industries - Analogous to value in RB0007 Column in REI Make table
621100/US,RB0007/US,3452050.235,USD,W41,Waste Gen by IO Industries - Analogous to value in RB0007 Column in REI Make table
621200/US,RB0007/US,2400253.679,USD,W41,Waste Gen by IO Industries - Analogous to value in RB0007 Column in REI Make table
621300/US,RB0007/US,997858.2711,USD,W41,Waste Gen by IO Industries - Analogous to value in RB0007 Column in REI Make table
621400/US,RB0007/US,2130562.254,USD,W41,Waste Gen by IO Industries - Analogous to value in RB0007 Column in REI Make table
621500/US,RB0007/US,701197.704,USD,W41,Waste Gen by IO Industries - Analogous to value in RB0007 Column in REI Make table
621600/US,RB0007/US,350598.852,USD,W41,Waste Gen by IO Industries - Analogous to value in RB0007 Column in REI Make table
621900/US,RB0007/US,404537.1369,USD,W41,Waste Gen by IO Industries - Analogous to value in RB0007 Column in REI Make table
622000/US,RB0007/US,21656221.4,USD,W41,Waste Gen by IO Industries - Analogous to value in RB0007 Column in REI Make table
623A00/US,RB0007/US,4234155.366,USD,W41,Waste Gen by IO Industries - Analogous to value in RB0007 Column in REI Make table
623B00/US,RB0007/US,2939636.528,USD,W41,Waste Gen by IO Industries - Analogous to value in RB0007 Column in REI Make table
624100/US,RB0007/US,2993574.813,USD,W41,Waste Gen by IO Industries - Analogous to value in RB0007 Column in REI Make table
624400/US,RB0007/US,2076623.97,USD,W41,Waste Gen by IO Industries - Analogous to value in RB0007 Column in REI Make table
624A00/US,RB0007/US,1941778.257,USD,W41,Waste Gen by IO Industries - Analogous to value in RB0007 Column in REI Make table
711100/US,RB0007/US,107876.5698,USD,W41,Waste Gen by IO Industries - Analogous to value in RB0007 Column in REI Make table
711200/US,RB0007/US,566351.9917,USD,W41,Waste Gen by IO Industries - Analogous to value in RB0007 Column in REI Make table
711500/US,RB0007/US,26969.14246,USD,W41,Waste Gen by IO Industries - Analogous to value in RB0007 Column in REI Make table
711A00/US,RB0007/US,539382.8492,USD,W41,Waste Gen by IO Industries - Analogous to value in RB0007 Column in REI Make table
712000/US,RB0007/US,1051796.556,USD,W41,Waste Gen by IO Industries - Analogous to value in RB0007 Column in REI Make table
713100/US,RB0007/US,431506.2794,USD,W41,Waste Gen by IO Industries - Analogous to value in RB0007 Column in REI Make table
713200/US,RB0007/US,2211469.682,USD,W41,Waste Gen by IO Industries - Analogous to value in RB0007 Column in REI Make table
713900/US,RB0007/US,7227730.18,USD,W41,Waste Gen by IO Industries - Analogous to value in RB0007 Column in REI Make table
721000/US,RB0007/US,36489249.75,USD,W41,Waste Gen by IO Industries - Analogous to value in RB0007 Column in REI Make table
722110/US,RB0007/US,17206312.89,USD,W41,Waste Gen by IO Industries - Analogous to value in RB0007 Column in REI Make table
722211/US,RB0007/US,22654079.67,USD,W41,Waste Gen by IO Industries - Analogous to value in RB0007 Column in REI Make table
722A00/US,RB0007/US,10841595.27,USD,W41,Waste Gen by IO Industries - Analogous to value in RB0007 Column in REI Make table
811100/US,RB0007/US,3317204.523,USD,W41,Waste Gen by IO Industries - Analogous to value in RB0007 Column in REI Make table
811200/US,RB0007/US,836043.4163,USD,W41,Waste Gen by IO Industries - Analogous to value in RB0007 Column in REI Make table
811300/US,RB0007/US,701197.704,USD,W41,Waste Gen by IO Industries - Analogous to value in RB0007 Column in REI Make table
811400/US,RB0007/US,134845.7123,USD,W41,Waste Gen by IO Industries - Analogous to value in RB0007 Column in REI Make table
812100/US,RB0007/US,2750852.531,USD,W41,Waste Gen by IO Industries - Analogous to value in RB0007 Column in REI Make table
812200/US,RB0007/US,26969.14246,USD,W41,Waste Gen by IO Industries - Analogous to value in RB0007 Column in REI Make table
812300/US,RB0007/US,1105734.841,USD,W41,Waste Gen by IO Industries - Analogous to value in RB0007 Column in REI Make table
812900/US,RB0007/US,8279526.736,USD,W41,Waste Gen by IO Industries - Analogous to value in RB0007 Column in REI Make table
813100/US,RB0007/US,67449825.3,USD,W41,Waste Gen by IO Industries - Analogous to value in RB0007 Column in REI Make table
813A00/US,RB0007/US,1078765.698,USD,W41,Waste Gen by IO Industries - Analogous to value in RB0007 Column in REI Make table
813B00/US,RB0007/US,15938763.19,USD,W41,Waste Gen by IO Industries - Analogous to value in RB0007 Column in REI Make table
S00500/US,RB0007/US,189647009.8,USD,W41,Waste Gen by IO Industries - Analogous to value in RB0007 Column in REI Make table
S00600/US,RB0007/US,39374947.99,USD,W41,Waste Gen by IO Industries - Analogous to value in RB0007 Column in REI Make table
491000/US,RB0007/US,16532084.33,USD,W41,Waste Gen by IO Industries - Analogous to value in RB0007 Column in REI Make table
S00101/US,RB0007/US,22977709.38,USD,W41,Waste Gen by IO Industries - Analogous to value in RB0007 Column in REI Make table
GSLGE/US,RB0007/US,191561818.9,USD,W41,Waste Gen by IO Industries - Analogous to value in RB0007 Column in REI Make table
GSLGH/US,RB0007/US,84251601.05,USD,W41,Waste Gen by IO Industries - Analogous to value in RB0007 Column in REI Make table
GSLGO/US,RB0007/US,428944210.8,USD,W41,Waste Gen by IO Industries - Analogous to value in RB0007 Column in REI Make table
S00201/US,RB0007/US,26969.14246,USD,W41,Waste Gen by IO Industries - Analogous to value in RB0007 Column in REI Make table
S00202/US,RB0007/US,2562068.534,USD,W41,Waste Gen by IO Industries - Analogous to value in RB0007 Column in REI Make table
S00203/US,RB0007/US,1136371787,USD,W41,Waste Gen by IO Industries - Analogous to value in RB0007 Column in REI Make table
311111/US,RB0017/US,49045.45995,MT,W41,Waste Gen by IO Industries - Analogous to value in RB0017 Column in REI Make table
311119/US,RB0017/US,97454.98549,MT,W41,Waste Gen by IO Industries - Analogous to value in RB0017 Column in REI Make table
311210/US,RB0017/US,52363.83374,MT,W41,Waste Gen by IO Industries - Analogous to value in RB0017 Column in REI Make table
311221/US,RB0017/US,33361.69486,MT,W41,Waste Gen by IO Industries - Analogous to value in RB0017 Column in REI Make table
311225/US,RB0017/US,42929.49816,MT,W41,Waste Gen by IO Industries - Analogous to value in RB0017 Column in REI Make table
311224/US,RB0017/US,105421.1762,MT,W41,Waste Gen by IO Industries - Analogous to value in RB0017 Column in REI Make table
311230/US,RB0017/US,28279.45361,MT,W41,Waste Gen by IO Industries - Analogous to value in RB0017 Column in REI Make table
311300/US,RB0017/US,85432.42303,MT,W41,Waste Gen by IO Industries - Analogous to value in RB0017 Column in REI Make table
311410/US,RB0017/US,78586.31433,MT,W41,Waste Gen by IO Industries - Analogous to value in RB0017 Column in REI Make table
311420/US,RB0017/US,85838.0602,MT,W41,Waste Gen by IO Industries - Analogous to value in RB0017 Column in REI Make table
311513/US,RB0017/US,105921.0259,MT,W41,Waste Gen by IO Industries - Analogous to value in RB0017 Column in REI Make table
311514/US,RB0017/US,66744.32584,MT,W41,Waste Gen by IO Industries - Analogous to value in RB0017 Column in REI Make table
31151A/US,RB0017/US,96353.22258,MT,W41,Waste Gen by IO Industries - Analogous to value in RB0017 Column in REI Make table
311520/US,RB0017/US,17413.61136,MT,W41,Waste Gen by IO Industries - Analogous to value in RB0017 Column in REI Make table
311615/US,RB0017/US,150776.6464,MT,W41,Waste Gen by IO Industries - Analogous to value in RB0017 Column in REI Make table
31161A/US,RB0017/US,368266.2144,MT,W41,Waste Gen by IO Industries - Analogous to value in RB0017 Column in REI Make table
311700/US,RB0017/US,27737.73171,MT,W41,Waste Gen by IO Industries - Analogous to value in RB0017 Column in REI Make table
311810/US,RB0017/US,122465.7886,MT,W41,Waste Gen by IO Industries - Analogous to value in RB0017 Column in REI Make table
3118A0/US,RB0017/US,69931.84893,MT,W41,Waste Gen by IO Industries - Analogous to value in RB0017 Column in REI Make table
311910/US,RB0017/US,82315.55932,MT,W41,Waste Gen by IO Industries - Analogous to value in RB0017 Column in REI Make table
311920/US,RB0017/US,33709.75773,MT,W41,Waste Gen by IO Industries - Analogous to value in RB0017 Column in REI Make table
311930/US,RB0017/US,22796.80922,MT,W41,Waste Gen by IO Industries - Analogous to value in RB0017 Column in REI Make table
311940/US,RB0017/US,48812.5457,MT,W41,Waste Gen by IO Industries - Analogous to value in RB0017 Column in REI Make table
311990/US,RB0017/US,56676.67286,MT,W41,Waste Gen by IO Industries - Analogous to value in RB0017 Column in REI Make table
424400/US,RB0017/US,648349.524,MT,W41,Waste Gen by IO Industries - Analogous to value in RB0017 Column in REI Make table
445000/US,RB0017/US,1526493.816,MT,W41,Waste Gen by IO Industries - Analogous to value in RB0017 Column in REI Make table
311111/US,RB0018/US,664611.7295,MT,W41,Waste Gen by IO Industries - Analogous to value in RB0018 Column in REI Make table
311119/US,RB0018/US,1320605.955,MT,W41,Waste Gen by IO Industries - Analogous to value in RB0018 Column in REI Make table
311210/US,RB0018/US,709578.7896,MT,W41,Waste Gen by IO Industries - Analogous to value in RB0018 Column in REI Make table
311221/US,RB0018/US,452082.0836,MT,W41,Waste Gen by IO Industries - Analogous to value in RB0018 Column in REI Make table
311225/US,RB0018/US,581734.7426,MT,W41,Waste Gen by IO Industries - Analogous to value in RB0018 Column in REI Make table
311224/US,RB0018/US,1428555.269,MT,W41,Waste Gen by IO Industries - Analogous to value in RB0018 Column in REI Make table
311230/US,RB0018/US,383212.9742,MT,W41,Waste Gen by IO Industries - Analogous to value in RB0018 Column in REI Make table
311300/US,RB0018/US,1157689.019,MT,W41,Waste Gen by IO Industries - Analogous to value in RB0018 Column in REI Make table
311410/US,RB0018/US,1064917.861,MT,W41,Waste Gen by IO Industries - Analogous to value in RB0018 Column in REI Make table
311420/US,RB0018/US,1163185.781,MT,W41,Waste Gen by IO Industries - Analogous to value in RB0018 Column in REI Make table
311513/US,RB0018/US,1435328.699,MT,W41,Waste Gen by IO Industries - Analogous to value in RB0018 Column in REI Make table
311514/US,RB0018/US,904447.871,MT,W41,Waste Gen by IO Industries - Analogous to value in RB0018 Column in REI Make table
31151A/US,RB0018/US,1305676.04,MT,W41,Waste Gen by IO Industries - Analogous to value in RB0018 Column in REI Make table
311520/US,RB0018/US,235970.6765,MT,W41,Waste Gen by IO Industries - Analogous to value in RB0018 Column in REI Make table
311615/US,RB0018/US,2043164.195,MT,W41,Waste Gen by IO Industries - Analogous to value in RB0018 Column in REI Make table
31161A/US,RB0018/US,4990350.706,MT,W41,Waste Gen by IO Industries - Analogous to value in RB0018 Column in REI Make table
311700/US,RB0018/US,375872.1371,MT,W41,Waste Gen by IO Industries - Analogous to value in RB0018 Column in REI Make table
311810/US,RB0018/US,1659525.665,MT,W41,Waste Gen by IO Industries - Analogous to value in RB0018 Column in REI Make table
3118A0/US,RB0018/US,947641.782,MT,W41,Waste Gen by IO Industries - Analogous to value in RB0018 Column in REI Make table
311910/US,RB0018/US,1115452.609,MT,W41,Waste Gen by IO Industries - Analogous to value in RB0018 Column in REI Make table
311920/US,RB0018/US,456798.66,MT,W41,Waste Gen by IO Industries - Analogous to value in RB0018 Column in REI Make table
311930/US,RB0018/US,308918.0287,MT,W41,Waste Gen by IO Industries - Analogous to value in RB0018 Column in REI Make table
311940/US,RB0018/US,661455.5242,MT,W41,Waste Gen by IO Industries - Analogous to value in RB0018 Column in REI Make table
311990/US,RB0018/US,768021.7825,MT,W41,Waste Gen by IO Industries - Analogous to value in RB0018 Column in REI Make table
424400/US,RB0018/US,1241630.06,MT,W41,Waste Gen by IO Industries - Analogous to value in RB0018 Column in REI Make table
445000/US,RB0018/US,2907231.36,MT,W41,Waste Gen by IO Industries - Analogous to value in RB0018 Column in REI Make table
RS0007/US,RB0007/US,6857147193,USD,W42,Waste Gen by Waste Treat Industries - Analogous to value in RB0007 Row in REI Use table
RS0012/US,RB0013/US,50802.36,MT,U22,Use of Waste Treatment Commodity by Waste Treatment Industry
RS0012/US,RB0014/US,12700,MT,U22,Use of Waste Treatment Commodity by Waste Treatment Industry
RS0012/US,RB0015/US,25401.18,MT,U22,Use of Waste Treatment Commodity by Waste Treatment Industry
RS0012/US,RB0018/US,5455724,MT,W42,Waste Gen by Waste Treat Industries - Analogous to value in RB0017 Row in REI Use table
RS0012/US,RB0020/US,4209798,MT,,Note that this commodity sector is not defined in REI_Sectors.csv
RS0013/US,RB0013/US,381017.7,MT,,Note that this commodity sector is not defined in REI_Sectors.csv
RS0013/US,RB0018/US,1607852,MT,W42,Waste Gen by Waste Treat Industries - Analogous to value in RB0018 Row in REI Use table
RS0013/US,RB0020/US,1668463,MT,,Note that this commodity sector is not defined in REI_Sectors.csv
RS0013/US,RB0021/US,12333594,MT,,Note that this commodity sector is not defined in REI_Sectors.csv
