,,Recyclable Ferrous Metals ($),Recyclable Nonferrous Metals (Aluminum) ($),Recyclable Glass ($),Recyclable Paper ($),Recyclable Plastics ($),Recyclable Rubber ($),Recyclable Construction and Demolition ($),Recyclable Electronics ($),Gleaned produce,Deceased stock,Crop residue,Animal by-products,Produce and grain residues,Dairy by-products,Grease/FOG,Other cooking waste,Salvaged food,Spoiled food,Rescued food,Plate waste,Yard trimmings
,Values in $,RB0001,RB0002,RB0003,RB0004,RB0005,RB0006,RB0007,RB0008,RB0009,RB0010,RB0011,RB0012,RB0013,RB0014,RB0015,RB0016,RB0017,RB0018,RB0019,RB0020,RB0021
1111A0,Oilseed farming, -   , -  , -   ," 35,468 ", -   , -   ," 10,302,212 ", -   ,,,, -  ,, -  , -  ,, -  , -  , -  , -  ,
1111B0,Grain farming, -   , -  , -   ," 82,758 ", -   , -   ," 13,889,108 "," 1,125 ",,,, -  ,, -  , -  ,, -  , -  , -  , -  ,
111200,Vegetable and melon farming, -   , -  , -   ," 1,170,432 ", -   , -   ," 3,047,513 ", -   ,,,, -  ,, -  , -  ,, -  , -  , -  , -  ,
111300,Fruit and tree nut farming, -   , -  , -   ," 1,584,221 ", -   , -   ," 3,856,587 ", -   ,,,, -  ,, -  , -  ,, -  , -  , -  , -  ,
111400,"Greenhouse, nursery, and floriculture production", -   , -  , -   ," 11,823 ", -   , -   ," 2,049,655 ", -   ,,,, -  ,, -  , -  ,, -  , -  , -  , -  ,
111900,Other crop farming, -   , -  , -   ," 82,758 ", -   , -   ," 4,638,693 "," 47,231 ",,,, -  ,, -  , -  ,, -  , -  , -  , -  ,
112120,Dairy cattle and milk production, -   , -  , -   ," 23,645 ", -   , -   ," 2,292,377 ", -   ,,,, -  ,, -  , -  ,, -  , -  , -  , -  ,
1121A0,"Beef cattle ranching and farming, including feedlots and dual-purpose ranching and farming", -   , -  , -   , -   , -   , -   , -   , -   ,,,, -  ,, -  , -  ,, -  , -  , -  , -  ,
112300,Poultry and egg production, -   , -  , -   ," 141,871 ", -   , -   ," 1,618,149 ", -   ,,,, -  ,, -  , -  ,, -  , -  , -  , -  ,
112A00,"Animal production, except cattle and poultry and eggs", -   , -  , -   , -   , -   , -   ," 3,344,174 ", -   ,,,, -  ,, -  , -  ,, -  , -  , -  , -  ,
113000,Forestry and logging, -   , -  , -   , -   , -   , -   ," 161,815 ", -   ,,,, -  ,, -  , -  ,, -  , -  , -  , -  ,
114000,"Fishing, hunting and trapping", -   , -  , -   , -   , -   , -   ," 458,475 ", -   ,,,, -  ,, -  , -  ,, -  , -  , -  , -  ,
115000,Support activities for agriculture and forestry, -   , -  , -   , -   , -   , -   ," 377,568 ", -   ,,,, -  ,, -  , -  ,, -  , -  , -  , -  ,
211000,Oil and gas extraction," 203,438,249 ", -  , -   ," 792,110 ", -   , -   ," 25,189,179 ", -   ,,,, -  ,, -  , -  ,, -  , -  , -  , -  ,
212100,Coal mining," 3,865,411 ", -  , -   ," 993,094 ", -   , -   ," 18,905,369 "," 10,121 ",,,, -  ,, -  , -  ,, -  , -  , -  , -  ,
212230,"Copper, nickel, lead, and zinc mining"," 5,966,177 ", -  , -   ," 177,338 ", -   , -   ," 9,924,644 ", -   ,,,, -  ,, -  , -  ,, -  , -  , -  , -  ,
2122A0,"Iron, gold, silver, and other metal ore mining"," 27,646,090 ", -  , -   ," 1,099,497 ", -   , -   ," 4,719,600 ", -   ,,,, -  ,, -  , -  ,, -  , -  , -  , -  ,
212310,Stone mining and quarrying," 4,873,779 ", -  , -   ," 118,225 ", -   , -   ," 12,540,651 "," 4,498 ",,,, -  ,, -  , -  ,, -  , -  , -  , -  ,
2123A0,Other nonmetallic mineral mining and quarrying," 20,083,330 ", -  , -   ," 425,612 ", -   , -   ," 13,970,016 "," 1,125 ",,,, -  ,, -  , -  ,, -  , -  , -  , -  ,
213111,Drilling oil and gas wells," 23,528,587 ", -  , -   ," 425,612 ", -   , -   ," 4,476,878 "," 19,117 ",,,, -  ,, -  , -  ,, -  , -  , -  , -  ,
21311A,Other support activities for mining," 23,108,434 ", -  , -   ," 638,417 ", -   , -   ," 54,181,007 "," 66,349 ",,,, -  ,, -  , -  ,, -  , -  , -  , -  ,
221100,"Electric power generation, transmission, and distribution", -   , -  , -   ," 425,612 ", -   , -   ," 185,520,731 "," 13,495 ",,,, -  ,, -  , -  ,, -  , -  , -  , -  ,
221200,Natural gas distribution, -   , -  , -   , -   , -   , -   ," 9,304,354 ", -   ,,,, -  ,, -  , -  ,, -  , -  , -  , -  ,
221300,"Water, sewage and other systems", -   , -  , -   , -   , -   , -   ," 3,721,742 ", -   ,,,, -  ,, -  , -  ,, -  , -  , -  , -  ,
233210,Health care structures," 504,184 "," 203,022 ", -   ," 543,837 ", -   , -   ," 161,815 "," 119,203 ",,,, -  ,, -  , -  ,, -  , -  , -  , -  ,
233262,Educational and vocational structures," 84,031 "," 304,532 ", -   ," 898,513 ", -   , -   ," 323,630 "," 201,295 ",,,, -  ,, -  , -  ,, -  , -  , -  , -  ,
230301,Nonresidential maintenance and repair," 77,224,185 "," 13,094,892 ", -   ," 4,350,696 ", -   , -   ," 1,078,766 "," 238,405 ",,,, -  ,, -  , -  ,, -  , -  , -  , -  ,
230302,Residential maintenance and repair," 504,184 "," 203,022 ", -   ," 1,737,914 ", -   , -   ," 188,784 "," 29,238 ",,,, -  ,, -  , -  ,, -  , -  , -  , -  ,
2332A0,Office and commercial structures," 336,123 "," 203,022 ", -   ," 378,321 ", -   , -   ," 404,537 "," 86,591 ",,,, -  ,, -  , -  ,, -  , -  , -  , -  ,
233412,Multifamily residential structures," 3,445,257 ", -  , -   ," 177,338 ", -   , -   ," 53,938 "," 20,242 ",,,, -  ,, -  , -  ,, -  , -  , -  , -  ,
2334A0,Other residential structures," 8,739,190 "," 812,086 ", -   ," 2,671,895 ", -   , -   ," 701,198 "," 205,793 ",,,, -  ,, -  , -  ,, -  , -  , -  , -  ,
233230,Manufacturing structures, -   , -  , -   ," 650,240 ", -   , -   ," 242,722 "," 25,865 ",,,, -  ,, -  , -  ,, -  , -  , -  , -  ,
2332D0,Other nonresidential structures," 48,065,543 "," 406,043 ", -   ," 1,465,996 ", -   , -   ," 620,290 "," 89,964 ",,,, -  ,, -  , -  ,, -  , -  , -  , -  ,
233240,Power and communication structures," 12,436,539 "," 1,522,662 ", -   ," 1,489,641 ", -   , -   ," 674,229 "," 26,989 ",,,, -  ,, -  , -  ,, -  , -  , -  , -  ,
233411,Single-family residential structures," 8,991,282 "," 406,043 ", -   ," 4,315,229 ", -   , -   ," 431,506 "," 26,989 ",,,, -  ,, -  , -  ,, -  , -  , -  , -  ,
2332C0,Transportation structures and highways and streets," 3,361,227 "," 203,022 ", -   ," 1,016,739 ", -   , -   ," 674,229 "," 1,089,692 ",,,, -  ,, -  , -  ,, -  , -  , -  , -  ,
321100,Sawmills and wood preservation, -   , -  , -   ," 851,223 ", -   , -   ," 1,699,056 "," 10,121 ",,,, -  ,, -  , -  ,, -  , -  , -  , -  ,
321200,"Veneer, plywood, and engineered wood product manufacturing", -   , -  , -   ," 898,513 ", -   , -   ," 1,051,797 "," 3,374 ",,,, -  ,, -  , -  ,, -  , -  , -  , -  ,
321910,Millwork," 672,245 "," 1,319,640 ", -   ," 1,347,770 ", -   , -   ," 836,043 "," 6,747 ",,,, -  ,, -  , -  ,, -  , -  , -  , -  ,
3219A0,All other wood product manufacturing," 18,066,594 "," 8,526,907 ", -   ," 2,399,977 ", -   , -   ," 889,982 "," 5,623 ",,,, -  ,, -  , -  ,, -  , -  , -  , -  ,
327100,Clay product and refractory manufacturing, -   , -  , -   ," 496,547 ", -   , -   ," 728,167 "," 1,125 ",,,, -  ,, -  , -  ,, -  , -  , -  , -  ,
327200,Glass and glass product manufacturing, -   , -  , -   ," 5,402,903 ", -   , -   ," 2,562,069 "," 6,747 ",,,, -  ,, -  , -  ,, -  , -  , -  , -  ,
327310,Cement manufacturing, -   , -  , -   ," 271,919 ", -   , -   ," 1,051,797 ", -   ,,,, -  ,, -  , -  ,, -  , -  , -  , -  ,
327320,Ready-mix concrete manufacturing, -   , -  , -   ," 1,477,818 ", -   , -   ," 2,130,562 "," 8,996 ",,,, -  ,, -  , -  ,, -  , -  , -  , -  ,
327330,"Concrete pipe, brick, and block manufacturing"," 7,058,576 ", -  , -   ," 472,902 ", -   , -   ," 539,383 "," 1,125 ",,,, -  ,, -  , -  ,, -  , -  , -  , -  ,
327390,Other concrete product manufacturing," 6,218,269 "," 1,421,151 ", -   ," 484,724 ", -   , -   ," 674,229 "," 4,498 ",,,, -  ,, -  , -  ,, -  , -  , -  , -  ,
327400,Lime and gypsum product manufacturing, -   , -  , -   ," 3,984,198 ", -   , -   ," 431,506 ", -   ,,,, -  ,, -  , -  ,, -  , -  , -  , -  ,
327910,Abrasive product manufacturing," 1,848,675 ", -  , -   ," 1,442,350 ", -   , -   ," 296,661 ", -   ,,,, -  ,, -  , -  ,, -  , -  , -  , -  ,
327991,Cut stone and stone product manufacturing, -   , -  , -   ," 189,161 ", -   , -   ," 269,691 "," 1,125 ",,,, -  ,, -  , -  ,, -  , -  , -  , -  ,
327992,Ground or treated mineral and earth manufacturing," 4,117,503 ", -  , -   ," 295,564 ", -   , -   ," 377,568 "," 1,125 ",,,, -  ,, -  , -  ,, -  , -  , -  , -  ,
327993,Mineral wool manufacturing," 1,092,399 "," 1,725,684 ", -   ," 1,217,722 ", -   , -   ," 350,599 "," 1,125 ",,,, -  ,, -  , -  ,, -  , -  , -  , -  ,
327999,Miscellaneous nonmetallic mineral products," 168,061 ", -  , -   ," 236,451 ", -   , -   ," 188,784 "," 1,125 ",,,, -  ,, -  , -  ,, -  , -  , -  , -  ,
331110,Iron and steel mills and ferroalloy manufacturing," 1,470,788,797 "," 40,401,296 ", -   ," 6,549,690 ", -   , -   ," 9,816,768 ", -   ,,,, -  ,, -  , -  ,, -  , -  , -  , -  ,
331200,Steel product manufacturing from purchased steel," 750,898,057 "," 9,440,504 ", -   ," 1,761,559 ", -   , -   ," 1,240,581 "," 2,249 ",,,, -  ,, -  , -  ,, -  , -  , -  , -  ,
331314,Secondary smelting and alloying of aluminum, -   ," 98,262,449 ", -   ," 1,217,722 ", -   , -   ," 269,691 ", -   ,,,, -  ,, -  , -  ,, -  , -  , -  , -  ,
331313,Alumina refining and primary aluminum production, -   ," 111,052,809 ", -   ," 437,434 ", -   , -   ," 458,475 ", -   ,,,, -  ,, -  , -  ,, -  , -  , -  , -  ,
33131B,Aluminum product manufacturing from purchased aluminum," 9,999,650 "," 1,072,258,521 ", -   ," 2,459,089 ", -   , -   ," 1,510,272 ", -   ,,,, -  ,, -  , -  ,, -  , -  , -  , -  ,
331410,Nonferrous Metal (except Aluminum) Smelting and Refining, -   , -  , -   ," 366,499 ", -   , -   ," 889,982 "," 1,125 ",,,, -  ,, -  , -  ,, -  , -  , -  , -  ,
331420,"Copper rolling, drawing, extruding and alloying", -   ," 1,725,684 ", -   ," 780,288 ", -   , -   ," 674,229 "," 3,374 ",,,, -  ,, -  , -  ,, -  , -  , -  , -  ,
331490,"Nonferrous metal (except copper and aluminum) rolling, drawing, extruding and alloying"," 37,561,709 "," 6,192,158 ", -   ," 2,506,379 ", -   , -   ," 863,013 "," 1,125 ",,,, -  ,, -  , -  ,, -  , -  , -  , -  ,
331510,Ferrous metal foundries," 120,331,918 "," 913,597 ", -   ," 945,804 ", -   , -   ," 1,267,550 "," 1,125 ",,,, -  ,, -  , -  ,, -  , -  , -  , -  ,
331520,Nonferrous metal foundries," 7,562,760 "," 164,345,976 ", -   ," 673,885 ", -   , -   ," 1,375,426 "," 5,623 ",,,, -  ,, -  , -  ,, -  , -  , -  , -  ,
332114,Custom roll forming," 357,634,527 "," 23,956,547 ", -   ," 295,564 ", -   , -   ," 404,537 "," 1,125 ",,,, -  ,, -  , -  ,, -  , -  , -  , -  ,
33211A,"All other forging, stamping, and sintering"," 222,429,180 "," 36,340,864 ", -   ," 543,837 ", -   , -   ," 1,267,550 "," 1,125 ",,,, -  ,, -  , -  ,, -  , -  , -  , -  ,
332119,"Metal crown, closure, and other metal stamping (except automotive)"," 232,092,707 "," 30,250,217 ", -   ," 1,111,319 ", -   , -   ," 566,352 "," 1,125 ",,,, -  ,, -  , -  ,, -  , -  , -  , -  ,
332200,Cutlery and handtool manufacturing," 101,256,956 "," 27,306,404 ", -   ," 2,258,106 ", -   , -   ," 539,383 "," 2,249 ",,,, -  ,, -  , -  ,, -  , -  , -  , -  ,
332310,Plate work and fabricated structural product manufacturing," 783,417,926 "," 46,187,411 ", -   ," 685,708 ", -   , -   ," 1,429,365 "," 7,872 ",,,, -  ,, -  , -  ,, -  , -  , -  , -  ,
332320,Ornamental and architectural metal products manufacturing," 502,419,369 "," 171,959,286 ", -   ," 1,607,866 ", -   , -   ," 1,267,550 "," 7,872 ",,,, -  ,, -  , -  ,, -  , -  , -  , -  ,
332410,Power boiler and heat exchanger manufacturing," 46,637,021 "," 21,621,799 ", -   ," 461,079 ", -   , -   ," 269,691 "," 1,125 ",,,, -  ,, -  , -  ,, -  , -  , -  , -  ,
332420,Metal tank (heavy gauge) manufacturing," 195,287,274 "," 13,703,957 ", -   ," 555,660 ", -   , -   ," 296,661 "," 2,249 ",,,, -  ,, -  , -  ,, -  , -  , -  , -  ,
332430,"Metal can, box, and other metal container (light gauge) manufacturing"," 191,757,986 "," 579,525,125 ", -   ," 922,158 ", -   , -   ," 458,475 "," 2,249 ",,,, -  ,, -  , -  ,, -  , -  , -  , -  ,
332500,Hardware manufacturing," 43,611,917 "," 7,308,777 ", -   ," 744,820 ", -   , -   ," 269,691 "," 2,249 ",,,, -  ,, -  , -  ,, -  , -  , -  , -  ,
332600,Spring and wire product manufacturing," 57,561,008 "," 4,263,453 ", -   ," 945,804 ", -   , -   ," 539,383 "," 2,249 ",,,, -  ,, -  , -  ,, -  , -  , -  , -  ,
332710,Machine shops," 167,389,092 "," 65,271,441 ", -   ," 1,501,463 ", -   , -   ," 2,831,760 "," 11,246 ",,,, -  ,, -  , -  ,, -  , -  , -  , -  ,
332720,"Turned product and screw, nut, and bolt manufacturing"," 284,275,753 "," 26,088,274 ", -   ," 1,832,494 ", -   , -   ," 1,941,778 "," 6,747 ",,,, -  ,, -  , -  ,, -  , -  , -  , -  ,
332800,"Coating, engraving, heat treating and allied activities"," 323,265,983 "," 1,116,619 ", -   ," 1,040,384 ", -   , -   ," 1,887,840 "," 2,249 ",,,, -  ,, -  , -  ,, -  , -  , -  , -  ,
332913,Plumbing fixture fitting and trim manufacturing," 4,117,503 "," 406,043 ", -   ," 1,300,480 ", -   , -   ," 107,877 ", -   ,,,, -  ,, -  , -  ,, -  , -  , -  , -  ,
33291A,Valve and fittings other than plumbing," 197,556,102 "," 23,448,994 ", -   ," 2,695,540 ", -   , -   ," 1,348,457 "," 1,125 ",,,, -  ,, -  , -  ,, -  , -  , -  , -  ,
332991,Ball and roller bearing manufacturing," 48,149,573 ", -  , -   ," 271,919 ", -   , -   ," 512,414 ", -   ,,,, -  ,, -  , -  ,, -  , -  , -  , -  ,
332996,Fabricated pipe and pipe fitting manufacturing," 162,347,252 "," 3,857,410 ", -   ," 449,257 ", -   , -   ," 404,537 "," 2,249 ",,,, -  ,, -  , -  ,, -  , -  , -  , -  ,
33299A,"Ammunition, arms, ordnance, and accessories manufacturing"," 35,376,912 "," 7,816,331 ", -   ," 4,007,843 ", -   , -   ," 512,414 ", -   ,,,, -  ,, -  , -  ,, -  , -  , -  , -  ,
332999,Other fabricated metal manufacturing," 160,582,608 "," 83,543,384 ", -   ," 1,418,705 ", -   , -   ," 674,229 ", -   ,,,, -  ,, -  , -  ,, -  , -  , -  , -  ,
333111,Farm machinery and equipment manufacturing," 268,562,018 "," 101,511 ", -   ," 744,820 ", -   , -   ," 782,105 ", -   ,,,, -  ,, -  , -  ,, -  , -  , -  , -  ,
333112,Lawn and garden equipment manufacturing," 18,486,747 ", -  , -   ," 177,338 ", -   , -   ," 107,877 ", -   ,,,, -  ,, -  , -  ,, -  , -  , -  , -  ,
333120,Construction machinery manufacturing," 306,375,819 ", -  , -   ," 673,885 ", -   , -   ," 1,429,365 ", -   ,,,, -  ,, -  , -  ,, -  , -  , -  , -  ,
333130,Mining and oil and gas field machinery manufacturing," 310,325,260 ", -  , -   ," 2,234,461 ", -   , -   ," 1,348,457 ", -   ,,,, -  ,, -  , -  ,, -  , -  , -  , -  ,
333242,Semiconductor machinery manufacturing," 8,403,067 "," 9,542,015 ", -   ," 732,998 ", -   , -   ," 188,784 "," 1,125 ",,,, -  ,, -  , -  ,, -  , -  , -  , -  ,
33329A,Other industrial machinery manufacturing," 100,668,741 "," 10,861,655 ", -   ," 1,572,398 ", -   , -   ," 755,136 "," 20,242 ",,,, -  ,, -  , -  ,, -  , -  , -  , -  ,
333314,Optical instrument and lens manufacturing," 2,268,828 "," 2,334,748 ", -   ," 106,403 ", -   , -   ," 242,722 "," 25,865 ",,,, -  ,, -  , -  ,, -  , -  , -  , -  ,
333316,Photographic and photocopying equipment manufacturing," 336,123 ", -  , -   ," 1,832,494 ", -   , -   ," 26,969 ", -   ,,,, -  ,, -  , -  ,, -  , -  , -  , -  ,
333318,Other commercial and service industry machinery manufacturing," 30,587,163 "," 2,436,259 ", -   ," 1,359,593 ", -   , -   ," 593,321 "," 112,455 ",,,, -  ,, -  , -  ,, -  , -  , -  , -  ,
333414,Heating equipment (except warm air furnaces) manufacturing," 38,233,954 "," 2,131,727 ", -   ," 1,347,770 ", -   , -   ," 161,815 "," 1,125 ",,,, -  ,, -  , -  ,, -  , -  , -  , -  ,
333415,"Air conditioning, refrigeration, and warm air heating equipment manufacturing"," 114,029,618 "," 48,420,649 ", -   ," 1,856,140 ", -   , -   ," 674,229 ", -   ,,,, -  ,, -  , -  ,, -  , -  , -  , -  ,
333413,Industrial and commercial fan and blower and air purification equipment manufacturing," 21,595,882 "," 8,120,864 ", -   ," 307,386 ", -   , -   ," 188,784 ", -   ,,,, -  ,, -  , -  ,, -  , -  , -  , -  ,
333511,Industrial mold manufacturing," 50,922,585 "," 11,775,252 ", -   ," 271,919 ", -   , -   ," 485,445 ", -   ,,,, -  ,, -  , -  ,, -  , -  , -  , -  ,
333514,"Special tool, die, jig, and fixture manufacturing"," 39,158,292 "," 10,049,569 ", -   ," 366,499 ", -   , -   ," 404,537 ", -   ,,,, -  ,, -  , -  ,, -  , -  , -  , -  ,
333517,Machine tool manufacturing," 67,644,688 ", -  , -   ," 319,209 ", -   , -   ," 215,753 "," 2,249 ",,,, -  ,, -  , -  ,, -  , -  , -  , -  ,
33351B,"Cutting and machine tool accessory, rolling mill, and other metalworking machinery manufacturing"," 51,258,708 "," 3,552,878 ", -   ," 260,096 ", -   , -   ," 539,383 "," 101,210 ",,,, -  ,, -  , -  ,, -  , -  , -  , -  ,
333611,Turbine and turbine generator set units manufacturing," 116,802,630 "," 6,395,180 ", -   ," 1,797,027 ", -   , -   ," 350,599 ", -   ,,,, -  ,, -  , -  ,, -  , -  , -  , -  ,
333612,"Speed changer, industrial high-speed drive, and gear manufacturing"," 24,032,771 "," 812,086 ", -   ," 366,499 ", -   , -   ," 512,414 ", -   ,,,, -  ,, -  , -  ,, -  , -  , -  , -  ,
333613,Mechanical power transmission equipment manufacturing," 38,654,108 "," 1,319,640 ", -   ," 200,983 ", -   , -   ," 242,722 ", -   ,,,, -  ,, -  , -  ,, -  , -  , -  , -  ,
333618,Other engine equipment manufacturing," 109,491,962 "," 203,022 ", -   ," 815,756 ", -   , -   ," 782,105 "," 3,374 ",,,, -  ,, -  , -  ,, -  , -  , -  , -  ,
333912,Air and gas compressor manufacturing," 50,754,524 "," 6,699,712 ", -   ," 756,643 ", -   , -   ," 215,753 "," 1,125 ",,,, -  ,, -  , -  ,, -  , -  , -  , -  ,
33391A,Pump and pumping equipment manufacturing," 86,131,436 "," 14,313,022 ", -   ," 1,525,108 ", -   , -   ," 512,414 ", -   ,,,, -  ,, -  , -  ,, -  , -  , -  , -  ,
333920,Material handling equipment manufacturing," 388,389,751 "," 9,846,547 ", -   ," 993,094 ", -   , -   ," 728,167 ", -   ,,,, -  ,, -  , -  ,, -  , -  , -  , -  ,
333991,Power-driven handtool manufacturing," 27,982,213 ", -  , -   ," 555,660 ", -   , -   ," 161,815 ", -   ,,,, -  ,, -  , -  ,, -  , -  , -  , -  ,
333993,Packaging machinery manufacturing," 15,293,582 "," 5,380,072 ", -   ," 236,451 ", -   , -   ," 134,846 "," 1,125 ",,,, -  ,, -  , -  ,, -  , -  , -  , -  ,
333994,Industrial process furnace and oven manufacturing," 17,646,440 "," 4,466,475 ", -   ," 23,645 ", -   , -   ," 53,938 ", -   ,,,, -  ,, -  , -  ,, -  , -  , -  , -  ,
33399A,Other general purpose machinery manufacturing," 71,258,007 "," 14,820,576 ", -   ," 3,239,377 ", -   , -   ," 728,167 "," 13,495 ",,,, -  ,, -  , -  ,, -  , -  , -  , -  ,
33399B,Fluid power process machinery," 118,231,151 "," 10,861,655 ", -   ," 1,111,319 ", -   , -   ," 431,506 ", -   ,,,, -  ,, -  , -  ,, -  , -  , -  , -  ,
334111,Electronic computer manufacturing, -   , -  , -   , -   , -   , -   , -   ," 508,298 ",,,, -  ,, -  , -  ,, -  , -  , -  , -  ,
334112,Computer storage device manufacturing," 420,153 "," 203,022 ", -   ," 106,403 ", -   , -   ," 350,599 "," 174,306 ",,,, -  ,, -  , -  ,, -  , -  , -  , -  ,
334118,Computer terminals and other computer peripheral equipment manufacturing," 1,008,368 "," 507,554 ", -   ," 82,758 ", -   , -   ," 80,907 "," 982,860 ",,,, -  ,, -  , -  ,, -  , -  , -  , -  ,
334210,Telephone apparatus manufacturing, -   ," 304,532 ", -   ," 295,564 ", -   , -   ," 53,938 "," 769,195 ",,,, -  ,, -  , -  ,, -  , -  , -  , -  ,
334220,Broadcast and wireless communications equipment," 1,428,521 "," 1,218,130 ", -   ," 307,386 ", -   , -   ," 161,815 "," 6,286,254 ",,,, -  ,, -  , -  ,, -  , -  , -  , -  ,
334290,Other communications equipment manufacturing," 1,260,460 "," 1,319,640 ", -   ," 224,628 ", -   , -   ," 53,938 "," 355,359 ",,,, -  ,, -  , -  ,, -  , -  , -  , -  ,
334413,Semiconductor and related device manufacturing," 252,092 "," 101,511 ", -   ," 236,451 ", -   , -   ," 1,968,747 "," 110,206 ",,,, -  ,, -  , -  ,, -  , -  , -  , -  ,
334418,Printed circuit assembly (electronic assembly) manufacturing," 1,512,552 "," 4,161,943 ", -   ," 945,804 ", -   , -   ," 215,753 "," 118,078 ",,,, -  ,, -  , -  ,, -  , -  , -  , -  ,
33441A,Other electronic component manufacturing," 12,688,631 "," 6,496,691 ", -   ," 1,276,835 ", -   , -   ," 1,375,426 "," 253,025 ",,,, -  ,, -  , -  ,, -  , -  , -  , -  ,
334510,Electromedical and electrotherapeutic apparatus manufacturing," 2,773,012 ", -  , -   ," 567,482 ", -   , -   ," 188,784 "," 61,850 ",,,, -  ,, -  , -  ,, -  , -  , -  , -  ,
334511,"Search, detection, and navigation instruments manufacturing"," 1,512,552 "," 1,827,194 ", -   ," 200,983 ", -   , -   ," 242,722 "," 633,124 ",,,, -  ,, -  , -  ,, -  , -  , -  , -  ,
334512,Automatic environmental control manufacturing," 420,153 "," 406,043 ", -   ," 141,871 ", -   , -   ," 26,969 "," 92,213 ",,,, -  ,, -  , -  ,, -  , -  , -  , -  ,
334513,Industrial process variable instruments manufacturing," 9,327,404 "," 3,755,899 ", -   ," 520,192 ", -   , -   ," 188,784 "," 238,405 ",,,, -  ,, -  , -  ,, -  , -  , -  , -  ,
334514,Totalizing fluid meter and counting device manufacturing," 2,436,889 "," 609,065 ", -   ," 106,403 ", -   , -   ," 26,969 "," 50,605 ",,,, -  ,, -  , -  ,, -  , -  , -  , -  ,
334515,Electricity and signal testing instruments manufacturing," 1,092,399 "," 406,043 ", -   ," 141,871 ", -   , -   ," 53,938 "," 141,694 ",,,, -  ,, -  , -  ,, -  , -  , -  , -  ,
334516,Analytical laboratory instrument manufacturing," 3,781,380 "," 1,928,705 ", -   ," 532,015 ", -   , -   ," 134,846 "," 235,032 ",,,, -  ,, -  , -  ,, -  , -  , -  , -  ,
334517,Irradiation apparatus manufacturing," 4,285,564 ", -  , -   ," 236,451 ", -   , -   ," 53,938 "," 121,452 ",,,, -  ,, -  , -  ,, -  , -  , -  , -  ,
33451A,"Watch, clock, and other measuring and controlling device manufacturing"," 3,445,257 "," 1,015,108 ", -   ," 224,628 ", -   , -   ," 107,877 "," 128,199 ",,,, -  ,, -  , -  ,, -  , -  , -  , -  ,
334300,Audio and video equipment manufacturing, -   , -  , -   ," 35,468 ", -   , -   ," 26,969 "," 150,690 ",,,, -  ,, -  , -  ,, -  , -  , -  , -  ,
334610,Manufacturing and reproducing magnetic and optical media," 84,031 "," 101,511 ", -   ," 390,144 ", -   , -   ," 80,907 ", -   ,,,, -  ,, -  , -  ,, -  , -  , -  , -  ,
335110,Electric lamp bulb and part manufacturing, -   , -  , -   ," 673,885 ", -   , -   ," 26,969 ", -   ,,,, -  ,, -  , -  ,, -  , -  , -  , -  ,
335120,Lighting fixture manufacturing," 20,251,391 "," 24,565,612 ", -   ," 2,352,686 ", -   , -   ," 269,691 ", -   ,,,, -  ,, -  , -  ,, -  , -  , -  , -  ,
335210,Small electrical appliance manufacturing," 9,327,404 "," 203,022 ", -   ," 1,347,770 ", -   , -   ," 53,938 ", -   ,,,, -  ,, -  , -  ,, -  , -  , -  , -  ,
335221,Household cooking appliance manufacturing," 33,444,206 "," 5,278,561 ", -   ," 803,933 ", -   , -   ," 80,907 ", -   ,,,, -  ,, -  , -  ,, -  , -  , -  , -  ,
335222,Household refrigerator and home freezer manufacturing," 17,982,563 "," 3,045,324 ", -   ," 342,854 ", -   , -   ," 80,907 ", -   ,,,, -  ,, -  , -  ,, -  , -  , -  , -  ,
335224,Household laundry equipment manufacturing," 27,225,937 "," 1,522,662 ", -   ," 449,257 ", -   , -   ," 53,938 ", -   ,,,, -  ,, -  , -  ,, -  , -  , -  , -  ,
335228,Other major household appliance manufacturing," 30,082,979 "," 1,116,619 ", -   ," 744,820 ", -   , -   ," 53,938 ", -   ,,,, -  ,, -  , -  ,, -  , -  , -  , -  ,
335311,"Power, distribution, and specialty transformer manufacturing"," 39,326,353 "," 812,086 ", -   ," 756,643 ", -   , -   ," 242,722 ", -   ,,,, -  ,, -  , -  ,, -  , -  , -  , -  ,
335312,Motor and generator manufacturing," 28,822,519 "," 4,263,453 ", -   ," 886,691 ", -   , -   ," 188,784 ", -   ,,,, -  ,, -  , -  ,, -  , -  , -  , -  ,
335313,Switchgear and switchboard apparatus manufacturing," 40,586,813 "," 7,917,842 ", -   ," 390,144 ", -   , -   ," 431,506 ", -   ,,,, -  ,, -  , -  ,, -  , -  , -  , -  ,
335314,Relay and industrial control manufacturing," 5,546,024 "," 2,334,748 ", -   ," 390,144 ", -   , -   ," 188,784 ", -   ,,,, -  ,, -  , -  ,, -  , -  , -  , -  ,
335911,Storage battery manufacturing," 10,671,895 ", -  , -   ," 248,273 ", -   , -   ," 566,352 ", -   ,,,, -  ,, -  , -  ,, -  , -  , -  , -  ,
335912,Primary battery manufacturing," 27,393,998 ", -  , -   ," 851,223 ", -   , -   ," 323,630 ", -   ,,,, -  ,, -  , -  ,, -  , -  , -  , -  ,
335920,Communication and energy wire and cable manufacturing," 3,109,135 "," 48,116,117 ", -   ," 189,161 ", -   , -   ," 485,445 ", -   ,,,, -  ,, -  , -  ,, -  , -  , -  , -  ,
335930,Wiring device manufacturing," 106,214,765 "," 5,989,137 ", -   ," 969,449 ", -   , -   ," 404,537 ", -   ,,,, -  ,, -  , -  ,, -  , -  , -  , -  ,
335991,Carbon and graphite product manufacturing," 168,061 ", -  , -   ," 94,580 ", -   , -   ," 161,815 ", -   ,,,, -  ,, -  , -  ,, -  , -  , -  , -  ,
335999,All other miscellaneous electrical equipment and component manufacturing," 1,344,491 "," 2,943,813 ", -   ," 390,144 ", -   , -   ," 242,722 "," 21,367 ",,,, -  ,, -  , -  ,, -  , -  , -  , -  ,
336111,Automobile manufacturing," 1,428,521 "," 507,554 ", -   ," 2,080,768 ", -   , -   ," 593,321 "," 1,107,685 ",,,, -  ,, -  , -  ,, -  , -  , -  , -  ,
336112,Light truck and utility vehicle manufacturing," 73,274,743 "," 35,731,800 ", -   ," 5,674,821 ", -   , -   ," 1,591,179 "," 2,950,828 ",,,, -  ,, -  , -  ,, -  , -  , -  , -  ,
336120,Heavy duty truck manufacturing," 12,940,723 "," 5,887,626 ", -   ," 3,274,845 ", -   , -   ," 296,661 "," 152,939 ",,,, -  ,, -  , -  ,, -  , -  , -  , -  ,
336211,Motor vehicle body manufacturing," 21,932,005 "," 12,079,785 ", -   ," 461,079 ", -   , -   ," 296,661 ", -   ,,,, -  ,, -  , -  ,, -  , -  , -  , -  ,
336212,Truck trailer manufacturing," 37,393,648 "," 82,731,297 ", -   ," 177,338 ", -   , -   ," 188,784 ", -   ,,,, -  ,, -  , -  ,, -  , -  , -  , -  ,
336213,Motor home manufacturing," 672,245 "," 2,131,727 ", -   ," 70,935 ", -   , -   ," 26,969 ", -   ,,,, -  ,, -  , -  ,, -  , -  , -  , -  ,
336214,Travel trailer and camper manufacturing," 47,813,451 "," 32,077,411 ", -   ," 602,950 ", -   , -   ," 161,815 ", -   ,,,, -  ,, -  , -  ,, -  , -  , -  , -  ,
336310,Motor vehicle gasoline engine and engine parts manufacturing," 140,079,125 "," 5,989,137 ", -   ," 650,240 ", -   , -   ," 863,013 "," 1,125 ",,,, -  ,, -  , -  ,, -  , -  , -  , -  ,
336320,Motor vehicle electrical and electronic equipment manufacturing," 35,881,096 "," 4,872,518 ", -   ," 815,756 ", -   , -   ," 350,599 "," 17,993 ",,,, -  ,, -  , -  ,, -  , -  , -  , -  ,
336350,Motor vehicle transmission and power train parts manufacturing," 344,357,681 "," 8,831,439 ", -   ," 401,967 ", -   , -   ," 1,914,809 "," 1,125 ",,,, -  ,, -  , -  ,, -  , -  , -  , -  ,
336360,Motor vehicle seating and interior trim manufacturing," 9,075,312 "," 2,131,727 ", -   ," 922,158 ", -   , -   ," 701,198 ", -   ,,,, -  ,, -  , -  ,, -  , -  , -  , -  ,
336370,Motor vehicle metal stamping," 966,856,876 "," 34,006,116 ", -   ," 1,182,254 ", -   , -   ," 1,618,149 ", -   ,,,, -  ,, -  , -  ,, -  , -  , -  , -  ,
336390,Other Motor Vehicle Parts Manufacturing," 414,691,351 "," 20,708,202 ", -   ," 5,899,450 ", -   , -   ," 1,591,179 "," 12,370 ",,,, -  ,, -  , -  ,, -  , -  , -  , -  ,
3363A0,"Motor vehicle steering, suspension component (except spring), and brake systems manufacturing"," 293,939,280 "," 5,786,115 ", -   ," 1,714,269 ", -   , -   ," 889,982 "," 1,125 ",,,, -  ,, -  , -  ,, -  , -  , -  , -  ,
336411,Aircraft manufacturing," 177,724,865 "," 4,060,432 ", -   ," 1,761,559 ", -   , -   ," 350,599 "," 1,329,222 ",,,, -  ,, -  , -  ,, -  , -  , -  , -  ,
336412,Aircraft engine and engine parts manufacturing," 36,637,372 "," 1,624,173 ", -   ," 721,175 ", -   , -   ," 997,858 "," 1,125 ",,,, -  ,, -  , -  ,, -  , -  , -  , -  ,
336413,Other aircraft parts and auxiliary equipment manufacturing," 53,275,444 "," 43,548,131 ", -   ," 1,004,916 ", -   , -   ," 809,074 "," 292,384 ",,,, -  ,, -  , -  ,, -  , -  , -  , -  ,
336414,Guided missile and space vehicle manufacturing," 3,277,196 "," 5,989,137 ", -   ," 331,031 ", -   , -   ," 296,661 "," 931,130 ",,,, -  ,, -  , -  ,, -  , -  , -  , -  ,
33641A,Propulsion units and parts for space vehicles and guided missiles," 1,428,521 "," 507,554 ", -   ," 236,451 ", -   , -   ," 188,784 "," 10,121 ",,,, -  ,, -  , -  ,, -  , -  , -  , -  ,
336500,Railroad rolling stock manufacturing," 164,279,958 ", -  , -   ," 732,998 ", -   , -   ," 512,414 ", -   ,,,, -  ,, -  , -  ,, -  , -  , -  , -  ,
336611,Ship building and repairing," 42,183,396 "," 31,671,368 ", -   ," 803,933 ", -   , -   ," 1,806,933 "," 11,246 ",,,, -  ,, -  , -  ,, -  , -  , -  , -  ,
336612,Boat building," 2,688,981 "," 17,764,389 ", -   ," 449,257 ", -   , -   ," 107,877 "," 2,249 ",,,, -  ,, -  , -  ,, -  , -  , -  , -  ,
336991,"Motorcycle, bicycle, and parts manufacturing"," 40,670,844 "," 37,457,483 ", -   ," 1,004,916 ", -   , -   ," 107,877 "," 1,125 ",,,, -  ,, -  , -  ,, -  , -  , -  , -  ,
336992,"Military armored vehicle, tank, and tank component manufacturing"," 59,409,683 "," 17,764,389 ", -   , -   , -   , -   ," 53,938 ", -   ,,,, -  ,, -  , -  ,, -  , -  , -  , -  ,
336999,All other transportation equipment manufacturing," 54,535,904 "," 7,105,756 ", -   ," 626,595 ", -   , -   ," 80,907 ", -   ,,,, -  ,, -  , -  ,, -  , -  , -  , -  ,
337110,Wood kitchen cabinet and countertop manufacturing, -   , -  , -   ," 2,258,106 ", -   , -   ," 485,445 "," 4,498 ",,,, -  ,, -  , -  ,, -  , -  , -  , -  ,
337121,Upholstered household furniture manufacturing," 9,075,312 "," 9,338,993 ", -   ," 1,797,027 ", -   , -   ," 296,661 ", -   ,,,, -  ,, -  , -  ,, -  , -  , -  , -  ,
337122,Nonupholstered wood household furniture manufacturing," 84,031 "," 101,511 ", -   ," 1,395,060 ", -   , -   ," 188,784 "," 1,125 ",,,, -  ,, -  , -  ,, -  , -  , -  , -  ,
337127,Institutional furniture manufacturing," 25,209,201 "," 12,181,295 ", -   ," 650,240 ", -   , -   ," 215,753 ", -   ,,,, -  ,, -  , -  ,, -  , -  , -  , -  ,
33712N,Other household nonupholstered furniture," 20,335,422 "," 27,204,893 ", -   ," 520,192 ", -   , -   ," 134,846 "," 1,125 ",,,, -  ,, -  , -  ,, -  , -  , -  , -  ,
337215,"Showcase, partition, shelving, and locker manufacturing"," 99,660,373 "," 14,719,065 ", -   ," 1,300,480 ", -   , -   ," 323,630 "," 1,125 ",,,, -  ,, -  , -  ,, -  , -  , -  , -  ,
33721A,Office furniture and custom architectural woodwork and millwork manufacturing," 66,468,259 "," 19,794,605 ", -   ," 2,967,459 ", -   , -   ," 782,105 "," 5,623 ",,,, -  ,, -  , -  ,, -  , -  , -  , -  ,
337900,Other furniture related product manufacturing," 1,932,705 "," 9,643,525 ", -   ," 591,127 ", -   , -   ," 188,784 "," 2,249 ",,,, -  ,, -  , -  ,, -  , -  , -  , -  ,
339112,Surgical and medical instrument manufacturing," 29,998,949 ", -  , -   ," 3,534,941 ", -   , -   ," 1,240,581 "," 7,872 ",,,, -  ,, -  , -  ,, -  , -  , -  , -  ,
339113,Surgical appliance and supplies manufacturing," 29,998,949 "," 710,576 ", -   ," 4,327,051 ", -   , -   ," 836,043 "," 6,747 ",,,, -  ,, -  , -  ,, -  , -  , -  , -  ,
339114,Dental equipment and supplies manufacturing," 2,941,073 ", -  , -   ," 425,612 ", -   , -   ," 107,877 "," 1,125 ",,,, -  ,, -  , -  ,, -  , -  , -  , -  ,
339115,Ophthalmic goods manufacturing, -   , -  , -   ," 697,530 ", -   , -   ," 242,722 ", -   ,,,, -  ,, -  , -  ,, -  , -  , -  , -  ,
339116,Dental laboratories," 1,848,675 ", -  , -   ," 70,935 ", -   , -   ," 323,630 "," 2,249 ",,,, -  ,, -  , -  ,, -  , -  , -  , -  ,
339910,Jewelry and silverware manufacturing, -   , -  , -   ," 212,806 ", -   , -   ," 80,907 "," 1,125 ",,,, -  ,, -  , -  ,, -  , -  , -  , -  ,
339920,Sporting and athletic goods manufacturing," 25,965,477 "," 11,775,252 ", -   ," 1,998,010 ", -   , -   ," 242,722 "," 3,374 ",,,, -  ,, -  , -  ,, -  , -  , -  , -  ,
339930,"Doll, toy, and game manufacturing"," 756,276 ", -  , -   ," 1,075,852 ", -   , -   ," 26,969 ", -   ,,,, -  ,, -  , -  ,, -  , -  , -  , -  ,
339940,Office supplies (except paper) manufacturing," 2,184,797 "," 304,532 ", -   ," 2,636,427 ", -   , -   ," 107,877 ", -   ,,,, -  ,, -  , -  ,, -  , -  , -  , -  ,
339950,Sign manufacturing," 34,032,421 ", -  , -   ," 2,589,137 ", -   , -   ," 485,445 "," 1,125 ",,,, -  ,, -  , -  ,, -  , -  , -  , -  ,
339990,All other miscellaneous manufacturing," 80,333,319 "," 12,587,339 ", -   ," 4,279,761 ", -   , -   ," 997,858 "," 2,249 ",,,, -  ,, -  , -  ,, -  , -  , -  , -  ,
311111,Dog and cat food manufacturing, -   , -  , -   ," 6,289,594 ", -   , -   ," 701,198 ", -   ,,,, -  ,, -  , -  ,," 49,045 "," 664,612 ", -  , -  ,
311119,Other animal food manufacturing, -   , -  , -   ," 1,087,674 ", -   , -   ," 674,229 ", -   ,,,, -  ,, -  , -  ,," 97,455 "," 1,320,606 ", -  , -  ,
311210,Flour milling and malt manufacturing, -   , -  , -   ," 2,447,267 ", -   , -   ," 997,858 ", -   ,,,, -  ,, -  , -  ,," 52,364 "," 709,579 ", -  , -  ,
311221,Wet corn milling, -   , -  , -   ," 602,950 ", -   , -   ," 889,982 "," 1,125 ",,,, -  ,, -  , -  ,," 33,362 "," 452,082 ", -  , -  ,
311225,Fats and oils refining and blending, -   , -  , -   ," 2,305,396 ", -   , -   ," 485,445 ", -   ,,,, -  ,, -  ," 166,314 ",," 42,929 "," 581,735 ", -  , -  ,
311224,Soybean and other oilseed processing, -   , -  , -   ," 3,806,859 ", -   , -   ," 809,074 ", -   ,,,, -  ,, -  ," 102,956 ",," 105,421 "," 1,428,555 ", -  , -  ,
311230,Breakfast cereal manufacturing, -   , -  , -   ," 10,285,614 ", -   , -   ," 350,599 ", -   ,,,, -  ,, -  , -  ,," 28,279 "," 383,213 ", -  , -  ,
311300,Sugar and confectionery product manufacturing, -   , -  , -   ," 22,793,866 ", -   , -   ," 1,645,118 "," 2,249 ",,,, -  ,, -  ," 80,781 ",," 85,432 "," 1,157,689 ", -  , -  ,
311410,Frozen food manufacturing, -   , -  , -   ," 9,954,583 ", -   , -   ," 1,321,488 ", -   ,,,, -  ,, -  , -  ,," 78,586 "," 1,064,918 ", -  , -  ,
311420,"Fruit and vegetable canning, pickling, and drying", -   , -  , -   ," 9,883,647 ", -   , -   ," 1,240,581 "," 4,498 ",,,, -  ,, -  ," 61,774 ",," 85,838 "," 1,163,186 ", -  , -  ,
311513,Cheese manufacturing, -   , -  , -   ," 7,223,575 ", -   , -   ," 728,167 ", -   ,,,, -  ,," 1,552 ", -  ,," 105,921 "," 1,435,329 ", -  , -  ,
311514,"Dry, condensed, and evaporated dairy product manufacturing", -   , -  , -   ," 10,675,758 ", -   , -   ," 970,889 ", -   ,,,, -  ,, 776 , -  ,," 66,744 "," 904,448 ", -  , -  ,
31151A,Fluid milk and butter manufacturing, -   , -  , -   ," 10,084,631 ", -   , -   ," 2,103,593 "," 8,996 ",,,, -  ,," 12,416 ", -  ,," 96,353 "," 1,305,676 ", -  , -  ,
311520,Ice cream and frozen dessert manufacturing, -   , -  , -   ," 5,178,275 ", -   , -   ," 539,383 ", -   ,,,, -  ,, 776 , -  ,," 17,414 "," 235,971 ", -  , -  ,
311615,Poultry processing, -   , -  , -   ," 13,595,926 ", -   , -   ," 1,537,241 "," 8,996 ",,,," 3,498,105 ",, -  , -  ,," 150,777 "," 2,043,164 ", -  , -  ,
31161A,"Animal (except poultry) slaughtering, rendering, and processing", -   , -  , -   ," 11,633,384 ", -   , -   ," 3,398,112 "," 10,121 ",,,," 1,617,874 ",, -  , -  ,," 368,266 "," 4,990,351 ", -  , -  ,
311700,Seafood product preparation and packaging, -   , -  , -   ," 1,915,252 ", -   , -   ," 458,475 "," 3,374 ",,,," 16,747,179 ",, -  , -  ,," 27,738 "," 375,872 ", -  , -  ,
311810,Bread and bakery product manufacturing, -   , -  , -   ," 17,225,448 ", -   , -   ," 2,022,686 "," 3,374 ",,,, -  ,, -  , -  ,," 122,466 "," 1,659,526 ", -  , -  ,
3118A0,"Cookie, cracker, pasta, and tortilla manufacturing", -   , -  , -   ," 15,771,275 ", -   , -   ," 1,159,673 "," 4,498 ",,,, -  ,, -  , -  ,," 69,932 "," 947,642 ", -  , -  ,
311910,Snack food manufacturing, -   , -  , -   ," 18,443,170 ", -   , -   ," 1,510,272 ", -   ,,,, -  ,, -  , -  ,," 82,316 "," 1,115,453 ", -  , -  ,
311920,Coffee and tea manufacturing, -   , -  , -   ," 3,286,667 ", -   , -   ," 350,599 "," 2,249 ",,,, -  ,, -  , -  ,," 33,710 "," 456,799 ", -  , -  ,
311930,Flavoring syrup and concentrate manufacturing, -   , -  , -   ," 1,915,252 ", -   , -   ," 350,599 ", -   ,,,, -  ,, -  , -  ,," 22,797 "," 308,918 ", -  , -  ,
311940,Seasoning and dressing manufacturing, -   , -  , -   ," 9,458,036 ", -   , -   ," 863,013 "," 5,623 ",,,, -  ,, -  , -  ,," 48,813 "," 661,456 ", -  , -  ,
311990,All other food manufacturing, -   , -  , -   ," 9,824,535 ", -   , -   ," 1,240,581 "," 6,747 ",,,, -  ,, -  , -  ,," 56,677 "," 768,022 ", -  , -  ,
312110,Soft drink and ice manufacturing, -   ," 583,179,514 ", -   ," 16,799,836 ", -   , -   ," 2,238,439 "," 2,249 ",,,, -  ,, -  , -  ,, -  , -  , -  , -  ,
312120,Breweries, -   , -  , -   ," 13,406,766 ", -   , -   ," 404,537 ", -   ,,,, -  ,, -  , -  ,, -  , -  , -  , -  ,
312130,Wineries, -   , -  , -   ," 792,110 ", -   , -   ," 485,445 ", -   ,,,, -  ,, -  , -  ,, -  , -  , -  , -  ,
312140,Distilleries, -   , -  , -   ," 1,111,319 ", -   , -   ," 188,784 ", -   ,,,, -  ,, -  , -  ,, -  , -  , -  , -  ,
312200,Tobacco product manufacturing, -   , -  , -   ," 42,241,952 ", -   , -   ," 1,024,827 ", -   ,,,, -  ,, -  , -  ,, -  , -  , -  , -  ,
313100,"Fiber, yarn, and thread mills", -   , -  , -   ," 390,144 ", -   , -   ," 215,753 ", -   ,,,, -  ,, -  , -  ,, -  , -  , -  , -  ,
313200,Fabric mills, -   , -  , -   ," 2,246,284 ", -   , -   ," 728,167 "," 1,125 ",,,, -  ,, -  , -  ,, -  , -  , -  , -  ,
313300,Textile and fabric finishing and fabric coating mills, -   , -  , -   ," 1,099,497 ", -   , -   ," 431,506 ", -   ,,,, -  ,, -  , -  ,, -  , -  , -  , -  ,
314110,Carpet and rug mills, -   , -  , -   ," 567,482 ", -   , -   ," 296,661 ", -   ,,,, -  ,, -  , -  ,, -  , -  , -  , -  ,
314120,Curtain and linen mills, -   , -  , -   ," 484,724 ", -   , -   ," 53,938 ", -   ,,,, -  ,, -  , -  ,, -  , -  , -  , -  ,
314900,Other textile product mills," 6,386,331 ", -  , -   ," 650,240 ", -   , -   ," 377,568 "," 3,374 ",,,, -  ,, -  , -  ,, -  , -  , -  , -  ,
315000,Apparel manufacturing, -   , -  , -   ," 130,048 ", -   , -   ," 134,846 ", -   ,,,, -  ,, -  , -  ,, -  , -  , -  , -  ,
316000,Leather and allied product manufacturing, -   , -  , -   ," 319,209 ", -   , -   ," 161,815 ", -   ,,,, -  ,, -  , -  ,, -  , -  , -  , -  ,
322110,Pulp mills, -   , -  , -   ," 425,612 ", -   , -   ," 1,159,673 "," 1,125 ",,,, -  ,, -  , -  ,, -  , -  , -  , -  ,
322120,Paper mills, -   , -  , -   ," 28,338,640 ", -   , -   ," 3,937,495 ", -   ,,,, -  ,, -  , -  ,, -  , -  , -  , -  ,
322130,Paperboard mills, -   , -  , -   ," 11,065,902 ", -   , -   ," 4,557,785 "," 2,249 ",,,, -  ,, -  , -  ,, -  , -  , -  , -  ,
322210,Paperboard container manufacturing," 6,134,239 "," 5,583,094 ", -   ," 278,373,639 ", -   , -   ," 4,935,353 "," 15,744 ",,,, -  ,, -  , -  ,, -  , -  , -  , -  ,
322220,Paper Bag and Coated and Treated Paper Manufacturing, -   ," 35,934,821 ", -   ," 49,938,429 ", -   , -   ," 1,213,611 "," 1,125 ",,,, -  ,, -  , -  ,, -  , -  , -  , -  ,
322230,Stationery product manufacturing, -   , -  , -   ," 34,356,315 ", -   , -   ," 215,753 "," 1,125 ",,,, -  ,, -  , -  ,, -  , -  , -  , -  ,
322291,Sanitary paper product manufacturing, -   , -  , -   ," 20,441,180 ", -   , -   ," 458,475 ", -   ,,,, -  ,, -  , -  ,, -  , -  , -  , -  ,
322299,All other converted paper product manufacturing, -   , -  , -   ," 11,408,756 ", -   , -   ," 215,753 "," 1,125 ",,,, -  ,, -  , -  ,, -  , -  , -  , -  ,
323110,Printing," 168,061 ", -  , -   ," 96,637,481 ", -   , -   ," 6,445,625 "," 80,968 ",,,, -  ,, -  , -  ,, -  , -  , -  , -  ,
323120,Support activities for printing," 1,848,675 ", -  , -   ," 1,111,319 ", -   , -   ," 242,722 ", -   ,,,, -  ,, -  , -  ,, -  , -  , -  , -  ,
324110,Petroleum refineries, -   , -  , -   ," 236,451 ", -   , -   ," 213,379,855 "," 84,342 ",,,, -  ,, -  , -  ,, -  , -  , -  , -  ,
324121,Asphalt paving mixture and block manufacturing, -   ," 609,065 ", -   ," 283,741 ", -   , -   ," 809,074 ", -   ,,,, -  ,, -  , -  ,, -  , -  , -  , -  ,
324122,Asphalt shingle and coating materials manufacturing, -   , -  , -   ," 1,690,624 ", -   , -   ," 377,568 ", -   ,,,, -  ,, -  , -  ,, -  , -  , -  , -  ,
324190,Other petroleum and coal products manufacturing, -   , -  , -   ," 1,572,398 ", -   , -   ," 1,806,933 ", -   ,,,, -  ,, -  , -  ,, -  , -  , -  , -  ,
325110,Petrochemical manufacturing, -   , -  , -   , -   , -   , -   ," 5,690,489 ", -   ,,,, -  ,, -  , -  ,, -  , -  , -  , -  ,
325120,Industrial gas manufacturing, -   , -  , -   ," 82,758 ", -   , -   ," 970,889 ", -   ,,,, -  ,, -  , -  ,, -  , -  , -  , -  ,
325130,Synthetic dye and pigment manufacturing," 1,176,429 ", -  , -   ," 851,223 ", -   , -   ," 1,024,827 ", -   ,,,, -  ,, -  , -  ,, -  , -  , -  , -  ,
325180,Other Basic Inorganic Chemical Manufacturing," 2,857,043 ", -  , -   ," 1,170,432 ", -   , -   ," 4,854,446 ", -   ,,,, -  ,, -  , -  ,, -  , -  , -  , -  ,
325190,Other basic organic chemical manufacturing," 168,061 ", -  , -   ," 2,920,169 ", -   , -   ," 11,623,700 ", -   ,,,, -  ,, -  , -  ,, -  , -  , -  , -  ,
325211,Plastics material and resin manufacturing, -   , -  , -   ," 5,544,773 ", -   , -   ," 7,389,545 ", -   ,,,, -  ,, -  , -  ,, -  , -  , -  , -  ,
3252A0,Synthetic rubber and artificial and synthetic fibers and filaments manufacturing, -   , -  , -   ," 2,281,751 ", -   , -   ," 1,267,550 ", -   ,,,, -  ,, -  , -  ,, -  , -  , -  , -  ,
325411,Medicinal and botanical manufacturing, -   , -  , -   ," 508,369 ", -   , -   ," 539,383 ", -   ,,,, -  ,, -  , -  ,, -  , -  , -  , -  ,
325412,Pharmaceutical preparation manufacturing, -   , -  , -   ," 5,308,323 ", -   , -   ," 3,101,451 ", -   ,,,, -  ,, -  , -  ,, -  , -  , -  , -  ,
325413,In-vitro diagnostic substance manufacturing, -   , -  , -   ," 1,064,029 ", -   , -   ," 296,661 "," 2,249 ",,,, -  ,, -  , -  ,, -  , -  , -  , -  ,
325414,Biological product (except diagnostic) manufacturing, -   , -  , -   ," 94,580 ", -   , -   ," 485,445 ", -   ,,,, -  ,, -  , -  ,, -  , -  , -  , -  ,
325310,Fertilizer manufacturing, -   , -  , -   ," 1,205,900 ", -   , -   ," 1,510,272 ", -   ,,,, -  ,, -  , -  ,, -  , -  , -  , -  ,
325320,Pesticide and other agricultural chemical manufacturing, -   , -  , -   ," 2,376,331 ", -   , -   ," 674,229 ", -   ,,,, -  ,, -  , -  ,, -  , -  , -  , -  ,
325510,Paint and coating manufacturing, -   , -  , -   ," 1,182,254 ", -   , -   ," 674,229 ", -   ,,,, -  ,, -  , -  ,, -  , -  , -  , -  ,
325520,Adhesive manufacturing, -   , -  , -   ," 4,776,308 ", -   , -   ," 566,352 ", -   ,,,, -  ,, -  , -  ,, -  , -  , -  , -  ,
325610,Soap and cleaning compound manufacturing, -   , -  , -   ," 19,566,312 ", -   , -   ," 1,779,963 ", -   ,,,, -  ,, -  , -  ,, -  , -  , -  , -  ,
325620,Toilet preparation manufacturing, -   , -  , -   ," 12,437,317 ", -   , -   ," 997,858 ", -   ,,,, -  ,, -  , -  ,, -  , -  , -  , -  ,
325910,Printing ink manufacturing, -   , -  , -   ," 496,547 ", -   , -   ," 269,691 ", -   ,,,, -  ,, -  , -  ,, -  , -  , -  , -  ,
3259A0,All other chemical product and preparation manufacturing, -   , -  , -   ," 14,529,907 ", -   , -   ," 2,804,791 ", -   ,,,, -  ,, -  , -  ,, -  , -  , -  , -  ,
326110,Plastics packaging materials and unlaminated film and sheet manufacturing, -   ," 8,831,439 ", -   ," 10,380,194 ", -   , -   ," 2,454,192 "," 5,623 ",,,, -  ,, -  , -  ,, -  , -  , -  , -  ,
326120,"Plastics pipe, pipe fitting, and unlaminated profile shape manufacturing", -   , -  , -   ," 2,198,993 ", -   , -   ," 809,074 ", -   ,,,, -  ,, -  , -  ,, -  , -  , -  , -  ,
326130,"Laminated plastics plate, sheet (except packaging), and shape manufacturing", -   , -  , -   ," 2,329,041 ", -   , -   ," 134,846 ", -   ,,,, -  ,, -  , -  ,, -  , -  , -  , -  ,
326140,Polystyrene foam product manufacturing, -   , -  , -   ," 3,534,941 ", -   , -   ," 674,229 "," 1,125 ",,,, -  ,, -  , -  ,, -  , -  , -  , -  ,
326150,Urethane and other foam product (except polystyrene) manufacturing, -   , -  , -   ," 2,648,250 ", -   , -   ," 377,568 "," 71,971 ",,,, -  ,, -  , -  ,, -  , -  , -  , -  ,
326160,Plastics bottle manufacturing, -   , -  , -   ," 2,494,557 ", -   , -   ," 1,078,766 "," 2,249 ",,,, -  ,, -  , -  ,, -  , -  , -  , -  ,
326190,Other plastics product manufacturing," 7,058,576 "," 5,380,072 ", -   ," 20,701,276 ", -   , -   ," 5,879,273 "," 41,608 ",,,, -  ,, -  , -  ,, -  , -  , -  , -  ,
326210,Tire manufacturing, -   , -  , -   ," 212,806 ", -   , -   ," 863,013 "," 3,374 ",,,, -  ,, -  , -  ,, -  , -  , -  , -  ,
326220,Rubber and plastics hoses and belting manufacturing, -   , -  , -   ," 756,643 ", -   , -   ," 323,630 ", -   ,,,, -  ,, -  , -  ,, -  , -  , -  , -  ,
326290,Other rubber product manufacturing," 67,392,596 ", -  , -   ," 1,099,497 ", -   , -   ," 782,105 "," 3,374 ",,,, -  ,, -  , -  ,, -  , -  , -  , -  ,
423100,Motor vehicle and motor vehicle parts and supplies, -   , -  , -   ," 3,121,152 ", -   , -   ," 7,632,267 "," 10,121 ",,,, -  ,, -  , -  ,, -  , -  , -  , -  ,
423400,Professional and commercial equipment and supplies, -   , -  , -   ," 3,783,214 ", -   , -   ," 4,638,693 "," 120,327 ",,,, -  ,, -  , -  ,, -  , -  , -  , -  ,
423600,Household appliances and electrical and electronic goods , -   , -  , -   ," 4,197,003 ", -   , -   ," 3,937,495 "," 213,665 ",,,, -  ,, -  , -  ,, -  , -  , -  , -  ,
423800,"Machinery, equipment, and supplies", -   , -  , -   ," 4,776,308 ", -   , -   ," 9,466,169 ", -   ,,,, -  ,, -  , -  ,, -  , -  , -  , -  ,
423A00,Other durable goods merchant wholesalers," 19,243,023 "," 304,532 ", -   ," 11,586,094 ", -   , -   ," 7,524,391 "," 118,078 ",,,, -  ,, -  , -  ,, -  , -  , -  , -  ,
424200,Drugs and druggists’ sundries, -   , -  , -   ," 4,764,486 ", -   , -   ," 1,510,272 "," 56,228 ",,,, -  ,, -  , -  ,, -  , -  , -  , -  ,
424400,Grocery and related product wholesalers , -   , -  , -   ," 8,453,119 ", -   , -   ," 4,962,322 "," 3,374 ",,,, -  ,, -  , -  ,," 648,350 "," 1,241,630 ", -  , -  ,
424700,Petroleum and petroleum products, -   , -  , -   ," 8,323,072 ", -   , -   ," 3,694,773 "," 265,395 ",,,, -  ,, -  , -  ,, -  , -  , -  , -  ,
424A00,Other nondurable goods merchant wholesalers, -   , -  , -   ," 14,659,955 ", -   , -   ," 14,779,090 "," 25,865 ",,,, -  ,, -  , -  ,, -  , -  , -  , -  ,
425000,Wholesale electronic markets and agents and brokers, -   , -  , -   ," 898,513 ", -   , -   ," 970,889 ", -   ,,,, -  ,, -  , -  ,, -  , -  , -  , -  ,
4200ID,Customs duties, -   , -  , -   , -   , -   , -   , -   , -   ,,,, -  ,, -  , -  ,, -  , -  , -  , -  ,
441000,Motor vehicle and parts dealers," 252,092 ", -  , -   ," 993,094 ", -   , -   ," 11,920,361 "," 187,800 ",,,, -  ,, -  , -  ,, -  , -  , -  , -  ,
445000,Food and beverage stores, -   , -  , -   ," 10,522,065 ", -   , -   ," 14,185,769 "," 273,267 ",,,, -  ,, -  , -  ,," 1,526,494 "," 2,907,231 ", -  , -  ,
452000,General merchandise stores, -   , -  , -   ," 2,494,557 ", -   , -   ," 13,592,448 "," 192,299 ",,,, -  ,, -  , -  ,, -  , -  , -  , -  ,
444000,Building material and garden equipment and supplies dealers, -   , -  , -   ," 626,595 ", -   , -   ," 6,769,255 "," 66,349 ",,,, -  ,, -  , -  ,, -  , -  , -  , -  ,
446000,Health and personal care stores, -   , -  , -   ," 2,530,025 ", -   , -   ," 3,802,649 "," 120,327 ",,,, -  ,, -  , -  ,, -  , -  , -  , -  ,
447000,Gasoline stations, -   , -  , -   ," 744,820 ", -   , -   ," 21,386,530 "," 147,317 ",,,, -  ,, -  , -  ,, -  , -  , -  , -  ,
448000,Clothing and clothing accessories stores," 84,031 ", -  , -   ," 4,941,824 ", -   , -   ," 9,358,292 "," 101,210 ",,,, -  ,, -  , -  ,, -  , -  , -  , -  ,
454000,Nonstore retailers, -   , -  , -   ," 3,546,763 ", -   , -   ," 3,047,513 "," 120,327 ",,,, -  ,, -  , -  ,, -  , -  , -  , -  ,
4B0000,All other retail," 84,031 ", -  , -   ," 3,523,118 ", -   , -   ," 10,787,657 "," 109,082 ",,,, -  ,, -  , -  ,, -  , -  , -  , -  ,
481000,Air transportation, -   , -  , -   ," 319,209 ", -   , -   ," 8,818,910 ", -   ,,,, -  ,, -  , -  ,, -  , -  , -  , -  ,
482000,Rail transportation," 86,971,742 ", -  , -   ," 756,643 ", -   , -   ," 57,228,520 "," 68,598 ",,,, -  ,, -  , -  ,, -  , -  , -  , -  ,
483000,Water transportation, -   , -  , -   ," 130,048 ", -   , -   ," 512,414 ", -   ,,,, -  ,, -  , -  ,, -  , -  , -  , -  ,
484000,Truck transportation, -   , -  , -   ," 1,596,044 ", -   , -   ," 8,171,650 "," 116,954 ",,,, -  ,, -  , -  ,, -  , -  , -  , -  ,
485000,Transit and ground passenger transportation, -   , -  , -   ," 9,327,988 ", -   , -   ," 5,447,767 "," 1,125 ",,,, -  ,, -  , -  ,, -  , -  , -  , -  ,
486000,Pipeline transportation, -   , -  , -   ," 1,194,077 ", -   , -   ," 28,317,600 "," 11,246 ",,,, -  ,, -  , -  ,, -  , -  , -  , -  ,
48A000,Scenic and sightseeing transportation and support activities for transportation," 31,763,593 ", -  , -   ," 22,309,142 ", -   , -   ," 39,455,855 "," 128,199 ",,,, -  ,, -  , -  ,, -  , -  , -  , -  ,
492000,Couriers and messengers, -   , -  , -   ," 14,210,699 ", -   , -   ," 5,070,199 ", -   ,,,, -  ,, -  , -  ,, -  , -  , -  , -  ,
493000,Warehousing and storage, -   , -  , -   ," 6,336,884 ", -   , -   ," 23,193,463 "," 187,800 ",,,, -  ,, -  , -  ,, -  , -  , -  , -  ,
511110,Newspaper publishers," 336,123 "," 203,022 ", -   ," 6,998,946 ", -   , -   ," 512,414 "," 47,231 ",,,, -  ,, -  , -  ,, -  , -  , -  , -  ,
511120,Periodical Publishers, -   , -  , -   ," 3,475,828 ", -   , -   ," 539,383 "," 195,672 ",,,, -  ,, -  , -  ,, -  , -  , -  , -  ,
511130,Book publishers," 588,215 "," 406,043 ", -   ," 6,537,867 ", -   , -   ," 701,198 "," 269,893 ",,,, -  ,, -  , -  ,, -  , -  , -  , -  ,
5111A0,"Directory, mailing list, and other publishers"," 420,153 "," 304,532 ", -   ," 1,253,190 ", -   , -   ," 134,846 "," 113,580 ",,,, -  ,, -  , -  ,, -  , -  , -  , -  ,
511200,Software publishers, -   , -  , -   ," 6,076,788 ", -   , -   ," 943,920 "," 25,865 ",,,, -  ,, -  , -  ,, -  , -  , -  , -  ,
512100,Motion picture and video industries," 252,092 "," 203,022 ", -   ," 1,075,852 ", -   , -   ," 943,920 ", -   ,,,, -  ,, -  , -  ,, -  , -  , -  , -  ,
512200,Sound recording industries," 252,092 "," 203,022 ", -   ," 11,823 ", -   , -   ," 80,907 "," 12,370 ",,,, -  ,, -  , -  ,, -  , -  , -  , -  ,
515100,Radio and television broadcasting," 420,153 "," 304,532 ", -   , -   , -   , -   ," 296,661 "," 88,840 ",,,, -  ,, -  , -  ,, -  , -  , -  , -  ,
515200,Cable and other subscription programming," 588,215 "," 507,554 ", -   ," 82,758 ", -   , -   ," 161,815 "," 238,405 ",,,, -  ,, -  , -  ,, -  , -  , -  , -  ,
517110,Wired telecommunications carriers," 3,109,135 "," 2,233,237 ", -   ," 1,489,641 ", -   , -   ," 18,824,461 "," 3,544,593 ",,,, -  ,, -  , -  ,, -  , -  , -  , -  ,
517210,Wireless telecommunications carriers (except satellite)," 1,344,491 ", -  , -   ," 4,492,567 ", -   , -   ," 40,615,529 "," 4,301,417 ",,,, -  ,, -  , -  ,, -  , -  , -  , -  ,
517A00,"Satellite, telecommunications resellers, and all other telecommunications"," 756,276 "," 609,065 ", -   ," 200,983 ", -   , -   ," 2,130,562 "," 638,746 ",,,, -  ,, -  , -  ,, -  , -  , -  , -  ,
518200,"Data processing, hosting, and related services"," 2,016,736 "," 1,522,662 ", -   ," 1,536,931 ", -   , -   ," 3,047,513 "," 1,153,792 ",,,, -  ,, -  , -  ,, -  , -  , -  , -  ,
519130,Internet publishing and broadcasting and Web search portals," 10,335,772 "," 7,511,799 ", -   ," 1,406,883 ", -   , -   ," 1,051,797 "," 1,707,072 ",,,, -  ,, -  , -  ,, -  , -  , -  , -  ,
5191A0,"News syndicates, libraries, archives and all other information services"," 84,031 "," 101,511 ", -   ," 295,564 ", -   , -   , -   ," 30,363 ",,,, -  ,, -  , -  ,, -  , -  , -  , -  ,
522A00,Nondepository credit intermediation and related activities, -   , -  , -   ," 4,173,358 ", -   , -   ," 19,363,844 "," 131,573 ",,,, -  ,, -  , -  ,, -  , -  , -  , -  ,
52A000,Monetary authorities and depository credit intermediation, -   , -  , -   ," 9,008,779 ", -   , -   ," 69,229,789 "," 221,537 ",,,, -  ,, -  , -  ,, -  , -  , -  , -  ,
523900,Other financial investment activities, -   , -  , -   ," 2,683,718 ", -   , -   ," 21,575,314 "," 431,829 ",,,, -  ,, -  , -  ,, -  , -  , -  , -  ,
523A00,Securities and commodity contracts intermediation and brokerage, -   , -  , -   ," 1,560,576 ", -   , -   ," 14,158,800 "," 56,228 ",,,, -  ,, -  , -  ,, -  , -  , -  , -  ,
524113,Direct life insurance carriers, -   , -  , -   , -   , -   , -   ," 1,726,025 ", -   ,,,, -  ,, -  , -  ,, -  , -  , -  , -  ,
5241XX,"Insurance carriers, except direct life", -   , -  , -   ," 59,113 ", -   , -   ," 593,321 "," 7,872 ",,,, -  ,, -  , -  ,, -  , -  , -  , -  ,
524200,"Insurance agencies, brokerages, and related activities", -   , -  , -   ," 981,271 ", -   , -   ," 7,200,761 "," 8,996 ",,,, -  ,, -  , -  ,, -  , -  , -  , -  ,
525000,"Funds, trusts, and other financial vehicles", -   , -  , -   ," 47,290 ", -   , -   ," 8,953,755 "," 428,455 ",,,, -  ,, -  , -  ,, -  , -  , -  , -  ,
531HSO,Owner-occupied housing, -   , -  , -   , -   , -   , -   ," 1,612,754,719 "," 24,740 ",,,, -  ,, -  , -  ,, -  , -  , -  , -  ,
531HST,Tenant-occupied housing, -   , -  , -   , -   , -   , -   ," 116,425,788 ", -   ,,,, -  ,, -  , -  ,, -  , -  , -  , -  ,
531ORE,Other real estate," 123,188,961 ", -  , -   ," 8,370,362 ", -   , -   ," 1,341,957,560 "," 262,021 ",,,, -  ,, -  , -  ,, -  , -  , -  , -  ,
532100,Automotive equipment rental and leasing," 336,123 "," 1,015,108 ", -   ," 319,209 ", -   , -   ," 215,753 "," 31,487 ",,,, -  ,, -  , -  ,, -  , -  , -  , -  ,
532400,Commercial and industrial machinery and equipment rental and leasing," 6,050,208 ", -  , -   ," 543,837 ", -   , -   ," 3,937,495 "," 11,246 ",,,, -  ,, -  , -  ,, -  , -  , -  , -  ,
532A00,General and consumer goods rental, -   , -  , -   ," 2,210,816 ", -   , -   ," 2,696,914 "," 29,238 ",,,, -  ,, -  , -  ,, -  , -  , -  , -  ,
533000,Lessors of nonfinancial intangible assets, -   , -  , -   ," 4,658,083 ", -   , -   ," 1,564,210 "," 120,327 ",,,, -  ,, -  , -  ,, -  , -  , -  , -  ,
541100,Legal services, -   , -  , -   ," 5,970,385 ", -   , -   ," 3,371,143 "," 1,086,319 ",,,, -  ,, -  , -  ,, -  , -  , -  ," 91,590 ",
541511,Custom computer programming services, -   , -  , -   ," 413,789 ", -   , -   ," 404,537 "," 62,975 ",,,, -  ,, -  , -  ,, -  , -  , -  ," 58,751 ",
541512,Computer systems design services, -   , -  , -   ," 1,276,835 ", -   , -   ," 296,661 "," 130,448 ",,,, -  ,, -  , -  ,, -  , -  , -  ," 45,515 ",
54151A,"Other computer related services, including facilities management", -   , -  , -   ," 2,376,331 ", -   , -   ," 161,815 "," 1,298,859 ",,,, -  ,, -  , -  ,, -  , -  , -  ," 17,679 ",
541200,"Accounting, tax preparation, bookkeeping, and payroll services"," 1,596,583 ", -  , -   ," 2,742,830 ", -   , -   ," 1,429,365 "," 484,683 ",,,, -  ,, -  , -  ,, -  , -  , -  ," 47,020 ",
541300,"Architectural, engineering, and related services"," 51,762,892 "," 8,019,353 ", -   ," 3,369,425 ", -   , -   ," 4,719,600 "," 428,455 ",,,, -  ,, -  , -  ,, -  , -  , -  ," 84,271 ",
541610,Management consulting services, -   , -  , -   ," 6,845,253 ", -   , -   ," 997,858 "," 952,497 ",,,, -  ,, -  , -  ,, -  , -  , -  ," 58,987 ",
5416A0,Environmental and other technical consulting services, -   , -  , -   ," 2,068,945 ", -   , -   ," 161,815 "," 93,338 ",,,, -  ,, -  , -  ,, -  , -  , -  ," 12,961 ",
541700,Scientific research and development services," 11,512,202 "," 1,522,662 ", -   ," 1,986,188 ", -   , -   ," 4,369,001 "," 174,306 ",,,, -  ,, -  , -  ,, -  , -  , -  ," 142,755 ",
541800,"Advertising, public relations, and related services", -   , -  , -   ," 8,382,184 ", -   , -   ," 6,364,718 "," 705,095 ",,,, -  ,, -  , -  ,, -  , -  , -  ," 35,909 ",
541400,Specialized design services, -   , -  , -   ," 1,253,190 ", -   , -   ," 134,846 "," 58,477 ",,,, -  ,, -  , -  ,, -  , -  , -  ," 7,614 ",
541920,Photographic services, -   , -  , -   ," 910,336 ", -   , -   ," 134,846 "," 57,352 ",,,, -  ,, -  , -  ,, -  , -  , -  ," 3,364 ",
541940,Veterinary services, -   , -  , -   ," 472,902 ", -   , -   ," 269,691 "," 16,868 ",,,, -  ,, -  , -  ,, -  , -  , -  ," 7,614 ",
5419A0,"All other miscellaneous professional, scientific, and technical services ", -   , -  , -   ," 6,892,544 ", -   , -   ," 916,951 "," 458,818 ",,,, -  ,, -  , -  ,, -  , -  , -  ," 23,839 ",
550000,Management of companies and enterprises," 2,016,736 "," 710,576 ", -   ," 9,150,650 ", -   , -   ," 13,511,540 "," 6,242,397 ",,,, -  ,, -  , -  ,, -  , -  , -  , -  ,
561300,Employment services, -   , -  , -   ," 3,877,795 ", -   , -   ," 485,445 "," 309,252 ",,,, -  ,, -  , -  ,, -  , -  , -  , -  ,
561700,Services to buildings and dwellings," 15,713,735 "," 3,654,389 ", -   ," 17,591,947 ", -   , -   ," 2,454,192 "," 625,252 ",,,, -  ,, -  , -  ,, -  , -  , -  , -  ,
561100,Office administrative services, -   , -  , -   ," 1,371,415 ", -   , -   ," 323,630 "," 111,331 ",,,, -  ,, -  , -  ,, -  , -  , -  , -  ,
561200,Facilities support services, -   , -  , -   ," 886,691 ", -   , -   ," 4,989,291 "," 94,462 ",,,, -  ,, -  , -  ,, -  , -  , -  , -  ,
561400,Business support services, -   , -  , -   ," 4,551,680 ", -   , -   ," 350,599 "," 172,057 ",,,, -  ,, -  , -  ,, -  , -  , -  , -  ,
561500,Travel arrangement and reservation services, -   , -  , -   ," 283,741 ", -   , -   ," 566,352 "," 11,246 ",,,, -  ,, -  , -  ,, -  , -  , -  , -  ,
561600,Investigation and security services," 14,453,275 "," 101,511 ", -   ," 1,134,964 ", -   , -   ," 350,599 "," 429,579 ",,,, -  ,, -  , -  ,, -  , -  , -  , -  ,
561900,Other support services, -   , -  , -   ," 3,724,102 ", -   , -   ," 350,599 "," 110,206 ",,,, -  ,, -  , -  ,, -  , -  , -  , -  ,
562000,Waste management and remediation services," 35,713,034 "," 3,857,410 ", -   ," 3,073,862 ", -   , -   ," 997,858 "," 169,808 ",,,, -  ,, -  , -  ,, -  , -  , -  , -  ,
611100,Elementary and secondary schools, -   , -  , -   ," 520,192 ", -   , -   , -   ," 70,847 ",,,, -  ,, -  , -  ,, -  , -  , -  ," 198,905 ",
611A00,"Junior colleges, colleges, universities, and professional schools", -   , -  , -   ," 1,016,739 ", -   , -   ," 701,198 "," 35,986 ",,,, -  ,, -  , -  ,, -  , -  , -  ," 109,741 ",
611B00,Other educational services," 12,772,662 ", -  , -   ," 1,229,545 ", -   , -   ," 3,586,896 "," 337,366 ",,,, -  ,, -  , -  ,, -  , -  , -  , -  ,
621100,Offices of physicians," 336,123 ", -  , -   ," 3,901,440 ", -   , -   ," 3,452,050 "," 378,975 ",,,, -  ,, -  , -  ,, -  , -  , -  , -  ,
621200,Offices of dentists," 1,008,368 ", -  , -   ," 3,925,085 ", -   , -   ," 2,400,254 ", -   ,,,, -  ,, -  , -  ,, -  , -  , -  , -  ,
621300,Offices of other health practitioners," 5,125,871 ", -  , -   ," 1,324,125 ", -   , -   ," 997,858 "," 59,601 ",,,, -  ,, -  , -  ,, -  , -  , -  , -  ,
621400,Outpatient care centers," 2,352,859 ", -  , -   ," 6,443,287 ", -   , -   ," 2,130,562 ", -   ,,,, -  ,, -  , -  ,, -  , -  , -  , -  ,
621500,Medical and diagnostic laboratories," 588,215 ", -  , -   ," 685,708 ", -   , -   ," 701,198 "," 42,733 ",,,, -  ,, -  , -  ,, -  , -  , -  , -  ,
621600,Home health care services," 1,428,521 ", -  , -   ," 1,655,156 ", -   , -   ," 350,599 "," 71,971 ",,,, -  ,, -  , -  ,, -  , -  , -  , -  ,
621900,Other ambulatory health care services," 2,520,920 ", -  , -   ," 1,016,739 ", -   , -   ," 404,537 "," 39,359 ",,,, -  ,, -  , -  ,, -  , -  , -  , -  ,
622000,Hospitals," 420,153 ", -  , -   ," 27,215,498 ", -   , -   ," 21,656,221 "," 52,854 ",,,, -  ,, -  , -  ,, -  , -  , -  ," 48,012 ",
623A00,Nursing and community care facilities," 756,276 ", -  , -   ," 7,873,815 ", -   , -   ," 4,234,155 "," 43,858 ",,,, -  ,, -  , -  ,, -  , -  , -  ," 54,952 ",
623B00,"Residential mental health, substance abuse, and other residential care facilities"," 756,276 ", -  , -   ," 3,310,313 ", -   , -   ," 2,939,637 ", -   ,,,, -  ,, -  , -  ,, -  , -  , -  ," 13,636 ",
624100,Individual and family services," 672,245 ", -  , -   ," 5,462,016 ", -   , -   ," 2,993,575 "," 103,459 ",,,, -  ,, -  , -  ,, -  , -  , -  , -  ,
624400,Child day care services," 1,092,399 ", -  , -   ," 945,804 ", -   , -   ," 2,076,624 "," 3,374 ",,,, -  ,, -  , -  ,, -  , -  , -  , -  ,
624A00,"Community food, housing, and other relief services, including rehabilitation services"," 21,763,943 ", -  , -   ," 2,612,782 ", -   , -   ," 1,941,778 "," 114,704 ",,,, -  ,, -  , -  ,, -  , -  , -  , -  ,
711100,Performing arts companies, -   , -  , -   ," 153,693 ", -   , -   ," 107,877 ", -   ,,,, -  ,, -  , -  ,, -  , -  , -  , -  ,
711200,Spectator sports," 252,092 ", -  , -   ," 106,403 ", -   , -   ," 566,352 "," 5,623 ",,,, -  ,, -  , -  ,, -  , -  , -  ," 6,859 ",
711500,"Independent artists, writers, and performers", -   , -  , -   , -   , -   , -   ," 26,969 ", -   ,,,, -  ,, -  , -  ,, -  , -  , -  , -  ,
711A00,Promoters of performing arts and sports and agents for public figures," 1,176,429 ", -  , -   ," 141,871 ", -   , -   ," 539,383 "," 4,498 ",,,, -  ,, -  , -  ,, -  , -  , -  , -  ,
712000,"Museums, historical sites, zoos, and parks", -   , -  , -   ," 47,290 ", -   , -   ," 1,051,797 ", -   ,,,, -  ,, -  , -  ,, -  , -  , -  , -  ,
713100,Amusement parks and arcades," 84,031 ", -  , -   ," 23,645 ", -   , -   ," 431,506 "," 2,249 ",,,, -  ,, -  , -  ,, -  , -  , -  , -  ,
713200,Gambling industries (except casino hotels)," 1,596,583 ", -  , -   ," 567,482 ", -   , -   ," 2,211,470 "," 49,480 ",,,, -  ,, -  , -  ,, -  , -  , -  , -  ,
713900,Other amusement and recreation industries," 17,814,502 ", -  , -   ," 744,820 ", -   , -   ," 7,227,730 "," 23,616 ",,,, -  ,, -  , -  ,, -  , -  , -  , -  ,
721000,Accommodation," 1,428,521 ", -  , -   ," 21,765,305 ", -   , -   ," 36,489,250 "," 93,338 ",,,, -  ,, -  , -  ,, -  , -  , -  ," 157,752 ",
722110,Full-service restaurants," 168,061 "," 101,511 ", -   ," 3,972,375 ", -   , -   ," 17,206,313 "," 1,125 ",,,, -  ,, -  ," 50,686 ",, -  , -  ," 843,590 "," 818,661 ",
722211,Limited-service restaurants," 1,092,399 "," 1,319,640 ", -   ," 25,028,327 ", -   , -   ," 22,654,080 "," 3,374 ",,,, -  ,, -  ," 49,102 ",, -  , -  ," 908,196 "," 881,358 ",
722A00,All other food and drinking places," 336,123 "," 609,065 ", -   ," 1,324,125 ", -   , -   ," 10,841,595 "," 30,363 ",,,, -  ,, -  ," 410,242 ",, -  , -  ," 446,253 "," 433,066 ",
811100,Automotive repair and maintenance," 1,428,521 ", -  , -   ," 614,772 ", -   , -   ," 3,317,205 "," 149,566 ",,,, -  ,, -  , -  ,, -  , -  , -  , -  ,
811200,Electronic and precision equipment repair and maintenance," 3,529,288 ", -  , -   ," 390,144 ", -   , -   ," 836,043 "," 202,420 ",,,, -  ,, -  , -  ,, -  , -  , -  , -  ,
811300,Commercial and industrial machinery and equipment repair and maintenance," 9,999,650 "," 812,086 ", -   ," 874,868 ", -   , -   ," 701,198 "," 1,125 ",,,, -  ,, -  , -  ,, -  , -  , -  , -  ,
811400,Personal and household goods repair and maintenance," 1,848,675 ", -  , -   ," 200,983 ", -   , -   ," 134,846 ", -   ,,,, -  ,, -  , -  ,, -  , -  , -  , -  ,
812100,Personal care services," 6,974,546 ", -  , -   ," 1,300,480 ", -   , -   ," 2,750,853 "," 19,117 ",,,, -  ,, -  , -  ,, -  , -  , -  , -  ,
812200,Death care services, -   , -  , -   , -   , -   , -   ," 26,969 ", -   ,,,, -  ,, -  , -  ,, -  , -  , -  , -  ,
812300,Dry-cleaning and laundry services, -   , -  , -   ," 224,628 ", -   , -   ," 1,105,735 ", -   ,,,, -  ,, -  , -  ,, -  , -  , -  , -  ,
812900,Other personal services," 1,176,429 ", -  , -   ," 260,096 ", -   , -   ," 8,279,527 "," 3,374 ",,,, -  ,, -  , -  ,, -  , -  , -  , -  ,
813100,Religious organizations, -   , -  , -   ," 7,247,220 ", -   , -   ," 67,449,825 "," 175,430 ",,,, -  ,, -  , -  ,, -  , -  , -  , -  ,
813A00,"Grantmaking, giving, and social advocacy organizations"," 4,285,564 ", -  , -   ," 1,513,286 ", -   , -   ," 1,078,766 "," 80,968 ",,,, -  ,, -  , -  ,, -  , -  , -  , -  ,
813B00,"Civic, social, professional, and similar organizations"," 1,008,368 ", -  , -   ," 768,465 ", -   , -   ," 15,938,763 "," 39,359 ",,,, -  ,, -  , -  ,, -  , -  , -  , -  ,
814000,Private households, -   , -  , -   , -   , -   , -   , -   , -   ,,,, -  ,, -  , -  ,, -  , -  , -  , -  ,
S00500,Federal general government (defense), -   ," 8,425,396 ", -   ," 1,986,188 ", -   , -   ," 189,647,010 "," 6,258,140 ",,,, -  ,, -  , -  ,, -  , -  , -  ," 6,859 ",
S00600,Federal general government (nondefense), -   ," 2,030,216 ", -   ," 20,523,938 ", -   , -   ," 39,374,948 "," 429,579 ",,,, -  ,, -  , -  ,, -  , -  , -  , -  ,
491000,Postal service, -   , -  , -   ," 662,063 ", -   , -   ," 16,532,084 ", -   ,,,, -  ,, -  , -  ,, -  , -  , -  , -  ,
S00101,Federal electric utilities, -   , -  , -   ," 59,113 ", -   , -   ," 22,977,709 ", -   ,,,, -  ,, -  , -  ,, -  , -  , -  , -  ,
S00102,Other federal government enterprises, -   , -  , -   , -   , -   , -   , -   , -   ,,,, -  ,, -  , -  ,, -  , -  , -  , -  ,
GSLGE,State and local government educational services, -   , -  , -   ," 55,896,992 ", -   , -   ," 191,561,819 "," 883,899 ",,,, -  ,, -  , -  ,, -  , -  , -  , -  ,
GSLGH,State and local government hospitals and health services, -   , -  , -   ," 18,194,896 ", -   , -   ," 84,251,601 "," 206,918 ",,,, -  ,, -  , -  ,, -  , -  , -  , -  ,
GSLGO,State and local government other services, -   , -  , -   ," 53,875,336 ", -   , -   ," 428,944,211 "," 179,929 ",,,, -  ,, -  , -  ,, -  , -  , -  , -  ,
S00201,State and local government passenger transit, -   , -  , -   ," 11,823 ", -   , -   ," 26,969 ", -   ,,,, -  ,, -  , -  ,, -  , -  , -  , -  ,
S00202,State and local government electric utilities, -   ," 710,576 ", -   ," 331,031 ", -   , -   ," 2,562,069 ", -   ,,,, -  ,, -  , -  ,, -  , -  , -  , -  ,
S00203,Other state and local government enterprises," 5,882,147 "," 1,827,194 ", -   ," 11,823 ", -   , -   ," 1,136,371,787 "," 38,235 ",,,, -  ,, -  , -  ,, -  , -  , -  ," 75,447 ",
Total industrial production,," 14,065,893,660 "," 4,253,809,840 ", -   ," 1,744,262,785 ", -   ," 625,422,954 "," 6,857,147,193 "," 62,714,100 ", -   , -   , -   ," 21,863,159 ", -   ," 15,520 "," 921,856 ", -   ," 4,103,478 "," 30,283,660 "," 2,198,039 "," 6,858,793 ", -   
Estimate from Post-Consumer Waste,," 12,473,528,340 "," 3,342,279,160 "," 73,150,922 "," 4,131,511,883 "," 1,230,371,018 "," 1,117,492,330 ",," 77,272,730 ",,,,,,," 662,089 ",, -  , -  , -  ," 3,415,679 ",
