2012 Commodities,,Ferrous Metals Recycling ,Nonferrous Metals Recycling (Aluminum),Glass Recycling ,Paper Recycling ,Plastics Recycling ,Rubber Recycling ,Construction and Demolition Recycling ,Electronics Recycling ,Minimally processed animal feed,Rendering and animal by-product processing,Biofuels manufacturing,Anaerobic digestion,Compost manufacturing,Landscape materials application,Community food program
,Values in $,RS0001,RS0002,RS0003,RS0004,RS0005,RS0006,RS0007,RS0008,RS0009,RS0010,RS0011,RS0012,RS0013,RS0014,RS0015
1111A0,"Fresh soybeans, canola, flaxseeds, and other oilseeds", -   , -   , -   , -   , -   , -   , -   , -   , -   , -   , -   , -   , -   , -   , -   
1111B0,"Fresh wheat, corn, rice, and other grains", -   , -   , -   , -   , -   , -   , -   , -   , -   , -   , -   , -   , -   , -   , -   
111200,"Fresh vegetables, melons, and potatoes", -   , -   , -   , -   , -   , -   , -   , -   , -   , -   , -   , -   , -   , -   , -   
111300,Fresh fruits and tree nuts, -   , -   , -   , -   , -   , -   , -   , -   , -   , -   , -   , -   , -   , -   , -   
111400,"Greenhouse crops, mushrooms, nurseries, and flowers", -   , -   , -   , -   , -   , -   , -   , -   , -   , -   , -   , -   , -   , -   , -   
111900,"Tobacco, cotton, sugarcane, peanuts, sugar beets, herbs and spices, and other crops", -   , -   , -   , -   , -   , -   , -   , -   , -   , -   , -   , -   , -   , -   , -   
112120,Dairies, -   , -   , -   , -   , -   , -   , -   , -   , -   , -   , -   , -   , -   , -   , -   
1121A0,Cattle ranches and feedlots, -   , -   , -   , -   , -   , -   , -   , -   , -   , -   , -   , -   , -   , -   , -   
112300,Poultry farms, -   , -   , -   , -   , -   , -   , -   , -   , -   , -   , -   , -   , -   , -   , -   
112A00,Animal farms and aquaculture ponds (except cattle and poultry), -   , -   , -   , -   , -   , -   , -   , -   , -   , -   , -   , -   , -   , -   , -   
113000,Timber and raw forest products, -   , -   , -   ," 97,578,000 ", -   ," 94,488,000 ", -   , -   , -   , -   , -   , -   , -   , -   , -   
114000,Wild-caught fish and game, -   , -   , -   , -   , -   , -   , -   , -   , -   , -   , -   , -   , -   , -   , -   
115000,Agriculture and forestry support, -   , -   , -   , -   , -   , -   , -   , -   , -   , -   , -   , -   , -   , -   , -   
211000,Unrefined oil and gas, -   , -   , -   ," 54,000 ", -   , -   , -   , -   , -   , -   , -   , -   , -   , -   ," 50,000 "
212100,Coal," 12,870,000 "," 33,132,000 "," 46,292,000 "," 33,453,000 ", -   ," 1,778,000 ", -   , -   , -   , -   , -   , -   , -   , -   ," 50,000 "
212230,"Copper, nickel, lead, and zinc"," 10,560,000 "," 70,280,000 ", -   , -   , -   , -   , -   ," 57,000 ", -   , -   , -   , -   , -   , -   , -   
2122A0,"Iron, gold, silver, and other metal ores"," 33,990,000 "," 2,811,200 "," 852,000 ", -   , -   , -   , -   ," 19,000 ", -   , -   , -   , -   , -   , -   , -   
212310,Dimensional stone, -   , -   , -   , -   , -   , -   , -   , -   , -   , -   , -   , -   , -   , -   , -   
2123A0,"Sand, gravel, clay, phosphate, other nonmetallic minerals", -   , -   ," 46,434,000 "," 9,828,000 ", -   , -   , -   ," 57,000 ", -   , -   , -   , -   , -   , -   , -   
213111,Well drilling, -   , -   , -   , -   , -   , -   , -   , -   , -   , -   , -   , -   , -   , -   , -   
21311A,Other support activities for mining, -   , -   , -   , -   , -   , -   , -   , -   , -   , -   , -   , -   , -   , -   , -   
221100,Electricity," 114,510,000 "," 47,188,000 "," 130,072,000 "," 123,957,000 "," 84,790,100 "," 42,037,000 "," 150,335,535 "," 2,489,000 ", -   ," 96,695,103 "," 924,422 "," 933,189 ", -   , -   ," 14,750,000 "
221200,Natural gas," 9,900,000 "," 25,602,000 "," 35,926,000 "," 40,392,000 "," 12,865,023 "," 5,715,000 ", -   ," 323,000 ", -   , -   , -   , -   , -   , -   ," 1,000,000 "
221300,Drinking water and wastewater treatment," 4,620,000 "," 1,506,000 "," 3,976,000 "," 3,510,000 "," 853,821 "," 1,397,000 ", 184 ," 95,000 ", -   , -   , -   , -   , -   , -   ," 1,550,000 "
233210,Health care structures, -   , -   , -   , -   , -   , -   , -   , -   , -   , -   , -   , -   , -   , -   , -   
233262,Educational and vocational structures, -   , -   , -   , -   , -   , -   , -   , -   , -   , -   , -   , -   , -   , -   , -   
230301,Nonresidential maintenance and repair," 15,180,000 "," 5,020,000 "," 13,490,000 "," 16,713,000 ", -   ," 5,207,000 ", -   ," 513,000 ", -   , -   , -   , -   , -   , -   ," 3,600,000 "
230302,Residential maintenance and repair, -   , -   , -   , -   , -   , -   , -   , -   , -   , -   , -   , -   , -   , -   , -   
2332A0,"Commercial structures, including farm structures", -   , -   , -   , -   , -   , -   , -   , -   , -   , -   , -   , -   , -   , -   , -   
233412,Multifamily residential structures, -   , -   , -   , -   , -   , -   , -   , -   , -   , -   , -   , -   , -   , -   , -   
2334A0,Other residential structures, -   , -   , -   , -   , -   , -   , -   , -   , -   , -   , -   , -   , -   , -   , -   
233230,Manufacturing structures, -   , -   , -   , -   , -   , -   , -   , -   , -   , -   , -   , -   , -   , -   , -   
2332D0,Other nonresidential structures, -   , -   , -   , -   , -   , -   , -   , -   , -   , -   , -   , -   , -   , -   , -   
233240,Power and communication structures, -   , -   , -   , -   , -   , -   , -   , -   , -   , -   , -   , -   , -   , -   , -   
233411,Single-family residential structures, -   , -   , -   , -   , -   , -   , -   , -   , -   , -   , -   , -   , -   , -   , -   
2332C0,Transportation structures and highways and streets, -   , -   , -   , -   , -   , -   , -   , -   , -   , -   , -   , -   , -   , -   , -   
321100,Lumber and treated lumber, -   , -   , -   ," 113,157,000 ", -   , -   ," 43,129 ", -   , -   , -   , -   , -   , -   , -   ," 11,700,000 "
321200,Plywood and veneer, -   , -   , -   , -   , -   , -   , -   , -   , -   , -   , -   , -   , -   , -   ," 15,250,000 "
321910,"Wooden windows, door, and flooring", -   ," 3,012,000 ", -   , -   , -   , -   , -   , -   , -   , -   , -   , -   , -   , -   ," 5,100,000 "
3219A0,"Veneer, plywood, and engineered wood", -   ," 7,028,000 "," 5,538,000 "," 16,065,000 ", -   ," 762,000 ", -   ," 3,648,000 ", -   , -   , -   , -   , -   , -   ," 1,800,000 "
327100,Clay and ceramic products," 54,120,000 ", -   ," 60,350,000 ", -   , -   , -   , -   ," 931,000 ", -   , -   , -   , -   , -   , -   ," 300,000 "
327200,Glass and glass products," 5,280,000 ", -   ," 325,748,000 ", -   , -   , -   , -   , -   , -   , -   , -   , -   , -   , -   ," 50,000 "
327310,Cement, -   , -   , -   , -   , -   , -   , -   ," 57,000 ", -   , -   , -   , -   , -   , -   ," 200,000 "
327320,Ready-mix concrete, -   , -   , -   , -   , -   , -   ," 15,442,572 ", -   , -   , -   , -   , -   , -   , -   ," 2,150,000 "
327330,"Concrete pipe, bricks, and blocks", -   , -   , -   , -   , -   , -   , -   ," 361,000 ", -   , -   , -   , -   , -   , -   ," 400,000 "
327390,Other concrete products," 660,000 ", -   , -   , -   , -   , -   , -   ," 437,000 ", -   , -   , -   , -   , -   , -   ," 750,000 "
327400,Lime and gypsum products," 6,270,000 ", -   ," 5,254,000 "," 11,799,000 ", -   , -   ," 1,137 "," 133,000 ", -   , -   , -   , -   , -   , -   ," 1,050,000 "
327910,Abrasive products," 2,640,000 "," 4,518,000 "," 1,562,000 "," 459,000 ", -   ," 635,000 ", -   ," 76,000 ", -   , -   , -   , -   , -   , -   ," 50,000 "
327991,Cut stone and stone products, -   , -   , -   , -   , -   , -   , -   , -   , -   , -   , -   , -   , -   , -   , -   
327992,Ground or treated minerals and earth," 42,570,000 ", -   ," 9,940,000 ", -   , -   , -   , -   , -   , -   , -   , -   , -   , -   , -   , -   
327993,Mineral wool," 6,930,000 ", -   ," 23,288,000 ", -   , -   , -   , -   , -   , -   , -   , -   , -   , -   , -   , -   
327999,Other nonmetallic mineral products," 2,970,000 ", -   , -   , -   , -   , -   , -   , -   , -   , -   , -   , -   , -   , -   , -   
331110,"Primary iron, steel, and ferroalloy products"," 292,710,000 ", -   , -   ," 1,971,000 ", -   ," 101,854,000 "," 6,121,320 "," 836,000 ", -   , -   , -   , -   , -   , -   ," 12,950,000 "
331200,Secondary steel products," 8,349,000 ", -   , -   , -   , -   ," 24,130,000 ", -   , -   , -   , -   , -   , -   , -   , -   ," 200,000 "
331313,Alumina refining and primary aluminum production," 30,690,000 "," 52,759,200 ", -   , -   , -   , -   , -   ," 361,000 ", -   , -   , -   , -   , -   , -   , -   
33131B,Aluminum products, -   ," 18,969,600 ", -   ," 11,043,000 ", -   , -   , -   ," 304,000 ", -   , -   , -   , -   , -   , -   , -   
331410,Nonferrous Metal (except Aluminum) Smelting and Refining," 287,430,000 ", -   , -   , -   , -   , -   , -   ," 76,000 ", -   , -   , -   , -   , -   , -   , -   
331420,Secondary copper products, -   , -   , -   , -   , -   , -   , -   ," 1,577,000 ", -   , -   , -   , -   , -   , -   ," 350,000 "
331490,Other secondary nonferrous metal products," 46,860,000 ", -   , -   , -   , -   , -   , -   ," 1,387,000 ", -   , -   , -   , -   , -   , -   ," 50,000 "
331510,Cast iron and steel," 21,780,000 ", -   , -   , -   , -   , -   , -   ," 95,000 ", -   , -   , -   , -   , -   , -   , -   
331520,Nonferrous metal casts, -   , -   , -   , -   , -   , -   , -   ," 133,000 ", -   , -   , -   , -   , -   , -   , -   
332114,Custom metal rolls, -   , -   , -   , -   , -   ," 8,890,000 ", -   ," 285,000 ", -   , -   , -   , -   , -   , -   ," 800,000 "
33211A,"All other forging, stamping, and sintering", -   , -   , -   , -   , -   ," 3,429,000 ", -   ," 5,757,000 ", -   , -   , -   , -   , -   , -   , -   
332119,"Metal crown, closure, and other metal stamping (except automotive)", -   , -   , -   ," 17,253,000 ", -   ," 37,846,000 ", -   ," 1,387,000 ", -   , -   , -   , -   , -   , -   ," 600,000 "
332200,Cutlery and handtools," 660,000 "," 1,506,000 "," 426,000 "," 1,161,000 ", -   ," 12,319,000 ", -   ," 38,000 ", -   , -   , -   , -   , -   , -   ," 7,450,000 "
332310,Metal structural products," 13,530,000 ", -   , -   , -   , -   ," 8,763,000 ", -   ," 456,000 ", -   , -   , -   , -   , -   , -   ," 1,850,000 "
332320,"Metal windows, doors, and architectural products", -   ," 6,526,000 "," 994,000 ", -   , -   , -   , -   ," 5,472,000 ", -   , -   , -   , -   , -   , -   ," 4,800,000 "
332410,Power boilers and heat exchangers, -   , -   , -   ," 513,000 ", -   , -   , -   , -   , -   , -   , -   , -   , -   , -   , -   
332420,Heavy gauge metal tanks, -   , -   , -   , -   , -   , -   , -   , -   , -   , -   , -   , -   , -   , -   , -   
332430,"Light gauge metal cans, boxes, and containers", -   , -   , -   , -   , -   ," 10,160,000 ", -   ," 437,000 ", -   , -   , -   , -   , -   , -   , -   
332500,"Metal hinges, keys, lock, and other hardware", -   , -   , -   , -   , -   ," 45,212,000 ", -   ," 684,000 ", -   , -   , -   , -   , -   , -   ," 29,350,000 "
332600,Springs and wires," 55,110,000 ", -   , -   ," 1,890,000 ", -   ," 1,143,000 ", -   ," 38,000 ", -   , -   , -   , -   , -   , -   ," 1,150,000 "
332710,Machine shops," 58,410,000 "," 66,766,000 "," 18,886,000 "," 54,810,000 ", -   ," 57,531,000 ", -   ," 3,249,000 ", -   , -   , -   , -   , -   , -   , -   
332720,"Screws, nuts, and bolts"," 12,870,000 "," 11,044,000 "," 5,538,000 "," 13,149,000 ", -   ," 30,480,000 ", -   ," 4,123,000 ", -   , -   , -   , -   , -   , -   ," 5,950,000 "
332800,"Metal coatings, engravings, and heat treatments"," 44,550,000 "," 39,156,000 "," 19,028,000 "," 46,278,000 ", -   ," 37,465,000 ", -   ," 1,786,000 ", -   , -   , -   , -   , -   , -   , -   
332913,"Metal plumbing drains, faucets, valves, and other fittings", -   , -   , -   , -   , -   , -   , -   ," 589,000 ", -   , -   , -   , -   , -   , -   ," 950,000 "
33291A,Valve and fittings (except for plumbing)," 660,000 ", -   , -   ," 13,473,000 ", -   ," 11,176,000 ", -   ," 380,000 ", -   , -   , -   , -   , -   , -   ," 800,000 "
332991,Ball and roller bearings," 56,100,000 ", -   , -   , -   , -   ," 8,763,000 ", -   ," 209,000 ", -   , -   , -   , -   , -   , -   , -   
332996,Fabricated pipe and pipe fittings, -   , -   , -   , -   , -   , -   , -   , -   , -   , -   , -   , -   , -   , -   ," 1,500,000 "
33299A,"Ammunition, arms, ordnance, and related accessories", -   , -   , -   , -   , -   , -   , -   , -   , -   , -   , -   , -   , -   , -   , -   
332999,Other fabricated metal manufacturing," 34,980,000 "," 6,526,000 "," 3,266,000 "," 10,260,000 ", -   ," 7,493,000 ", -   ," 627,000 ", -   , -   , -   , -   , -   , -   ," 2,900,000 "
333111,Farm machinery and equipment, -   , -   , -   , -   , -   , -   , -   , -   , -   , -   , -   , -   , -   , -   , -   
333112,Lawn and garden equipment, -   , -   , -   , -   , -   , -   , -   , -   , -   , -   , -   , -   , -   , -   , -   
333120,Construction machinery, -   , -   , -   , -   , -   , -   ," 1,130,087,983 ", -   , -   , -   , -   , -   , -   , -   , -   
333130,Mining and oil/gas field machinery, -   , -   , -   , -   , -   , -   , -   , -   , -   , -   , -   , -   , -   , -   , -   
333242,Semiconductor machinery, -   , -   , -   , -   , -   , -   , -   , -   , -   , -   , -   , -   , -   , -   , -   
33329A,"Machinery for the paper, textile, food or other industries (except semiconductor machinery)", -   , -   , -   ," 27,351,000 ", -   , -   , -   , -   , -   , -   , -   , -   , -   , -   , -   
333314,Optical instruments and lenses, -   , -   , -   , -   , -   , -   , -   , -   , -   , -   , -   , -   , -   , -   , -   
333316,Photography and photocopying equipment, -   , -   , -   , -   , -   , -   , -   , -   , -   , -   , -   , -   , -   , -   , -   
333318,Other commercial and service industry machinery, -   ," 502,000 ", -   , -   , -   ," 127,000 ", -   , -   , -   , -   , -   , -   , -   , -   , -   
333414,Heating equipment other than warm air furnaces, -   , -   , -   , -   , -   , -   , -   , -   , -   , -   , -   , -   , -   , -   ," 150,000 "
333415,"Air conditioning, refrigeration, and warm air heating equipment", -   , -   ," 1,562,000 "," 216,000 ", -   ," 127,000 ", -   , -   , -   , -   , -   , -   , -   , -   ," 2,600,000 "
333413,Industrial and commercial fan and blower and air purification equipment, -   , -   , -   , -   , -   , -   , -   , -   , -   , -   , -   , -   , -   , -   , -   
333511,Industrial molds," 330,000 ", -   ," 994,000 ", -   , -   , -   , -   , -   , -   , -   , -   , -   , -   , -   , -   
333514,"Special tools, dies, jigs, and fixtures"," 5,610,000 ", -   ," 5,964,000 ", -   , -   , -   , -   , -   , -   , -   , -   , -   , -   , -   , -   
333517,Machine tool manufacturing, -   , -   , -   , -   , -   , -   , -   , -   , -   , -   , -   , -   , -   , -   , -   
33351B,"Cutting and machine tool accessory, rolling mill, and other metalworking machines"," 4,950,000 "," 3,012,000 "," 1,278,000 "," 1,323,000 ", -   ," 889,000 ", -   ," 133,000 ", -   , -   , -   , -   , -   , -   , -   
333611,Turbines and turbine generator sets, -   , -   , -   , -   , -   , -   , -   , -   , -   , -   , -   , -   , -   , -   , -   
333612,"Speed changers, industrial high-speed drives, and gears", -   , -   , -   , -   , -   , -   , -   , -   , -   , -   , -   , -   , -   , -   , -   
333613,Mechanical power transmission equipment, -   , -   , -   , -   , -   , -   , -   , -   , -   , -   , -   , -   , -   , -   , -   
333618,Other engine equipment, -   , -   , -   , -   , -   , -   , -   , -   , -   , -   , -   , -   , -   , -   ," 150,000 "
333912,Air and gas compressors, -   , -   , -   ," 108,000 ", -   , -   , -   , -   , -   , -   , -   , -   , -   , -   , -   
33391A,Pumps and pumping equipment," 43,560,000 ", -   , -   , -   , -   , -   , -   , -   , -   , -   , -   , -   , -   , -   , -   
333920,Material handling equipment," 1,650,000 "," 2,510,000 "," 1,278,000 "," 2,754,000 ", -   ," 1,270,000 "," 68,949,380 ", -   , -   , -   , -   , -   , -   , -   , -   
333991,Power tools, -   , -   , -   , -   , -   , -   , -   , -   , -   , -   , -   , -   , -   , -   , -   
333993,Packaging machinery, -   , -   , -   , -   , -   , -   , -   , -   , -   , -   , -   , -   , -   , -   , -   
333994,Industrial process furnaces and ovens, -   , -   , -   , -   , -   , -   , -   , -   , -   , -   , -   , -   , -   , -   , -   
33399A,"Welding and Soldering Equipment, Scales and Balances, and other general purpose machinery"," 3,630,000 ", -   , -   , -   , -   , -   , -   , -   , -   , -   , -   , -   , -   , -   , -   
33399B,"Hydraulic pumps, motors, cylinders and actuators", -   , -   , -   , -   , -   , -   , -   , -   , -   , -   , -   , -   , -   , -   , -   
334111,Computers, -   , -   , -   , -   , -   , -   , -   ," 9,291,000 ", -   , -   , -   , -   , -   , -   , -   
334112,Computer storage device readers, -   , -   , -   , -   , -   , -   , -   ," 4,712,000 ", -   , -   , -   , -   , -   , -   , -   
334118,Computer terminals and other computer peripheral equipment," 660,000 ", -   ," 852,000 "," 513,000 ", -   ," 381,000 ", -   ," 14,839,000 ", -   , -   , -   , -   , -   , -   ," 3,950,000 "
334210,Telephones, -   , -   , -   , -   , -   , -   , -   ," 1,615,000 ", -   , -   , -   , -   , -   , -   , -   
334220,Wireless communications, -   , -   , -   , -   , -   , -   , -   ," 121,961,000 ", -   , -   , -   , -   , -   , -   ," 900,000 "
334290,Communications equipment, -   , -   , -   ," 27,000 ", -   , -   , -   ," 741,000 ", -   , -   , -   , -   , -   , -   ," 250,000 "
334413,Semiconductors," 55,770,000 "," 46,686,000 "," 23,856,000 "," 54,000 ", -   ," 24,511,000 ", -   ," 41,553,000 ", -   , -   , -   , -   , -   , -   , -   
334418,Printed circuit and electronic assembly," 19,140,000 "," 15,060,000 "," 7,952,000 "," 18,360,000 ", -   ," 8,255,000 ", -   ," 11,096,000 ", -   , -   , -   , -   , -   , -   , -   
33441A,"Electronic capacitors, resistors, coils, transformers, connectors and other components (except  semiconductors and printed circuit assemblies)"," 6,930,000 "," 4,518,000 "," 2,130,000 "," 4,023,000 ", -   ," 2,540,000 ", -   ," 30,039,000 ", -   , -   , -   , -   , -   , -   , -   
334510,Electromedical appartuses, -   , -   , -   , -   , -   , -   , -   , -   , -   , -   , -   , -   , -   , -   , -   
334511,Navigation instruments, -   , -   , -   , -   , -   , -   , -   , -   , -   , -   , -   , -   , -   , -   , -   
334512,Automatic controls for HVAC and refrigeration equipment, -   , -   , -   , -   , -   , -   , -   , -   , -   , -   , -   , -   , -   , -   , -   
334513,Industrial process variable instruments, -   , -   , -   ," 378,000 ", -   , -   , -   ," 19,000 ", -   , -   , -   , -   , -   , -   , -   
334514,Fluid meters and counting devices, -   , -   , -   , -   , -   , -   , -   , -   , -   , -   , -   , -   , -   , -   ," 3,400,000 "
334515,Signal testing instruments, -   , -   , -   , -   , -   , -   , -   ," 2,489,000 ", -   , -   , -   , -   , -   , -   , -   
334516,Analytical laboratory instruments, -   , -   , -   , -   , -   , -   , -   , -   , -   , -   , -   , -   , -   , -   , -   
334517,Irradiation apparatuses, -   , -   , -   , -   , -   , -   , -   , -   , -   , -   , -   , -   , -   , -   , -   
33451A,"Watches, clocks, and other measuring and controlling devices", -   , -   , -   , -   , -   , -   , -   , -   , -   , -   , -   , -   , -   , -   ," 150,000 "
334300,Audio and video equipment, -   , -   , -   , -   , -   , -   , -   ," 2,736,000 ", -   , -   , -   , -   , -   , -   , -   
334610,"External hard drives, CDs, other storage media", -   , -   , -   , -   , -   , -   , -   ," 494,000 ", -   , -   , -   , -   , -   , -   ," 50,000 "
335110,Light bulbs, -   , -   ," 142,000 ", -   , -   ," 127,000 ", -   , -   , -   , -   , -   , -   , -   , -   ," 150,000 "
335120,Light fixtures," 22,110,000 ", -   , -   , -   , -   , -   , -   ," 76,000 ", -   , -   , -   , -   , -   , -   ," 250,000 "
335210,Small electrical appliances, -   , -   , -   , -   , -   , -   , -   , -   , -   , -   , -   , -   , -   , -   , -   
335221,Home cooking appliances, -   , -   , -   , -   , -   , -   , -   , -   , -   , -   , -   , -   , -   , -   , -   
335222,Home refrigerators and freezers, -   , -   , -   , -   , -   , -   , -   , -   , -   , -   , -   , -   , -   , -   , -   
335224,Home laundry machines, -   , -   , -   , -   , -   , -   , -   , -   , -   , -   , -   , -   , -   , -   , -   
335228,"Major home appliances (except ovens, stoves, refrigerators and laundry machines)", -   , -   , -   , -   , -   , -   , -   , -   , -   , -   , -   , -   , -   , -   , -   
335311,Specialty transformers, -   , -   , -   , -   , -   , -   , -   ," 76,000 ", -   , -   , -   , -   , -   , -   , -   
335312,Motors and generators, -   , -   , -   , -   , -   , -   , -   ," 1,273,000 ", -   , -   , -   , -   , -   , -   , -   
335313,Switchgear and switchboards, -   , -   , -   , -   , -   , -   , -   ," 589,000 ", -   , -   , -   , -   , -   , -   ," 500,000 "
335314,Relay and industrial controls," 33,330,000 ", -   ," 2,556,000 "," 11,205,000 ", -   ," 2,921,000 ", -   ," 874,000 ", -   , -   , -   , -   , -   , -   , -   
335911,Storage batteries, -   , -   , -   , -   , -   , -   , -   ," 513,000 ", -   , -   , -   , -   , -   , -   ," 700,000 "
335912,Primary batteries, -   , -   , -   , -   , -   , -   , -   ," 589,000 ", -   , -   , -   , -   , -   , -   , -   
335920,Communication and energy wire and cable, -   ," 24,598,000 ", -   , -   , -   , -   , -   ," 1,729,000 ", -   , -   , -   , -   , -   , -   ," 950,000 "
335930,Wiring devices, -   , -   ," 4,260,000 ", -   , -   , -   , -   ," 1,748,000 ", -   , -   , -   , -   , -   , -   ," 1,450,000 "
335991,Carbon and graphite products," 33,330,000 ", -   , -   , -   , -   , -   , -   , -   , -   , -   , -   , -   , -   , -   , -   
335999,other miscellaneous electrical equipment and components, -   , -   , -   , -   , -   , -   , -   ," 5,928,000 ", -   , -   , -   , -   , -   , -   , -   
336111,Automobiles, -   , -   , -   , -   , -   , -   , -   , -   , -   , -   , -   , -   , -   , -   , -   
336112,"Pickup trucks, vans, and SUVs", -   , -   , -   , -   , -   , -   , -   , -   , -   , -   , -   , -   , -   , -   , -   
336120,Heavy duty trucks, -   , -   , -   , -   , -   , -   , -   , -   , -   , -   , -   , -   , -   , -   , -   
336211,Vehicle bodies, -   , -   , -   , -   , -   , -   , -   , -   , -   , -   , -   , -   , -   , -   , -   
336212,Truck trailers, -   , -   , -   , -   , -   , -   , -   , -   , -   , -   , -   , -   , -   , -   , -   
336213,Motor homes, -   , -   , -   , -   , -   , -   , -   , -   , -   , -   , -   , -   , -   , -   , -   
336214,Travel trailer and campers, -   , -   , -   , -   , -   , -   , -   , -   , -   , -   , -   , -   , -   , -   , -   
336310,Vehicle engines and engine parts," 660,000 ", -   ," 142,000 "," 513,000 ", -   , -   , -   , -   , -   , -   , -   , -   , -   , -   ," 2,150,000 "
336320,Vehicle electrical and electronic equipment, -   , -   , -   ," 756,000 ", -   , -   , -   ," 1,292,000 ", -   , -   , -   , -   , -   , -   ," 4,500,000 "
336350,Transmission and power train parts," 990,000 "," 1,506,000 "," 568,000 "," 945,000 ", -   ," 127,000 ", -   , -   , -   , -   , -   , -   , -   , -   ," 26,350,000 "
336360,Vehicle seating and interior trim (upholstery), -   , -   , -   , -   , -   , -   , -   , -   , -   , -   , -   , -   , -   , -   , -   
336370,Vehicle metal stamping, -   , -   , -   , -   , -   , -   , -   , -   , -   , -   , -   , -   , -   , -   , -   
336390,Other vehicle parts," 41,580,000 "," 502,000 "," 9,656,000 "," 24,300,000 ", -   ," 9,271,000 ", -   ," 2,166,000 ", -   , -   , -   , -   , -   , -   ," 8,550,000 "
3363A0,"Motor vehicle steering, suspension components (except spring), and brake systems"," 330,000 ", -   ," 142,000 "," 378,000 ", -   , -   , -   , -   , -   , -   , -   , -   , -   , -   ," 5,000,000 "
336411,Aircraft, -   , -   , -   , -   , -   , -   , -   , -   , -   , -   , -   , -   , -   , -   , -   
336412,Aircraft engines and parts, -   , -   , -   , -   , -   , -   , -   , -   , -   , -   , -   , -   , -   , -   , -   
336413,Other aircraft parts, -   , -   , -   , -   , -   , -   , -   , -   , -   , -   , -   , -   , -   , -   , -   
336414,Guided missiles and space vehicles, -   , -   , -   , -   , -   , -   , -   , -   , -   , -   , -   , -   , -   , -   , -   
33641A,Propulsion units and parts for space vehicles and guided missiles, -   , -   , -   , -   , -   , -   , -   , -   , -   , -   , -   , -   , -   , -   , -   
336500,Railroad rolling stock, -   , -   , -   , -   , -   , -   , -   , -   , -   , -   , -   , -   , -   , -   , -   
336611,Ships and ship repair, -   , -   , -   , -   , -   , -   , -   , -   , -   , -   , -   , -   , -   , -   , -   
336612,Boats, -   , -   , -   , -   , -   , -   , -   , -   , -   , -   , -   , -   , -   , -   , -   
336991,"Motorcycle, bicycle, and parts", -   , -   , -   , -   , -   , -   , -   , -   , -   , -   , -   , -   , -   , -   ," 350,000 "
336992,Military armored vehicles and tanks, -   , -   , -   , -   , -   , -   , -   , -   , -   , -   , -   , -   , -   , -   , -   
336999,Other transportation equipment, -   , -   , -   , -   , -   , -   , -   , -   , -   , -   , -   , -   , -   , -   , -   
337110,Wood kitchen cabinets and countertops, -   , -   , -   , -   , -   , -   , -   ," 855,000 ", -   , -   , -   , -   , -   , -   ," 2,100,000 "
337121,Home furniture - upholstered, -   , -   , -   , -   , -   , -   , -   , -   , -   , -   , -   , -   , -   , -   , -   
337122,"Home furniture - wood, nonupholstered", -   , -   , -   , -   , -   , -   , -   , -   , -   , -   , -   , -   , -   , -   , -   
337127,Institutional furniture, -   , -   , -   , -   , -   , -   , -   , -   , -   , -   , -   , -   , -   , -   , -   
33712N,Other household nonupholstered furniture, -   , -   , -   , -   , -   , -   , -   ," 437,000 ", -   , -   , -   , -   , -   , -   , -   
337215,Shelving and lockers, -   , -   , -   , -   , -   , -   , -   , -   , -   , -   , -   , -   , -   , -   , -   
33721A,Office furniture and custom architectural woodwork and millwork, -   , -   , -   , -   , -   , -   , -   , -   , -   , -   , -   , -   , -   , -   , -   
337900,"Mattresses, blinds and shades", -   , -   , -   , -   , -   , -   , -   , -   , -   , -   , -   , -   , -   , -   , -   
339112,Surgical and medical instruments, -   , -   , -   , -   , -   , -   , -   , -   , -   , -   , -   , -   , -   , -   , -   
339113,Surgical appliance and supplies," 4,290,000 ", -   ," 710,000 ", -   , -   , -   , -   , -   , -   , -   , -   , -   , -   , -   ," 16,300,000 "
339114,Dental equipment and supplies, -   , -   , -   , -   , -   , -   , -   , -   , -   , -   , -   , -   , -   , -   , -   
339115,Ophthalmic goods, -   , -   , -   , -   , -   , -   , -   , -   , -   , -   , -   , -   , -   , -   , -   
339116,Dental laboratories, -   , -   , -   , -   , -   , -   , -   , -   , -   , -   , -   , -   , -   , -   , -   
339910,Jewelry and silverware, -   , -   , -   , -   , -   , -   , -   , -   , -   , -   , -   , -   , -   , -   , -   
339920,Sporting and athletic goods, -   , -   , -   , -   , -   , -   , -   , -   , -   , -   , -   , -   , -   , -   , -   
339930,"Dolls, toys, and games", -   , -   , -   , -   , -   , -   , -   , -   , -   , -   , -   , -   , -   , -   ," 150,000 "
339940,Office supplies (not paper), -   , -   , -   , -   , -   , -   , -   , -   , -   , -   , -   , -   , -   , -   ," 400,000 "
339950,Signs, -   , -   , -   , -   , -   , -   , -   , -   , -   , -   , -   , -   , -   , -   ," 350,000 "
339990,"Gaskets, seals, musical instruments, fasteners, brooms, brushes, mop and other misc. goods", -   ," 2,510,000 "," 8,094,000 "," 27,000 ", -   , -   , -   ," 19,000 ", -   , -   , -   , -   , -   , -   ," 16,550,000 "
311111,Dog and cat food, -   , -   , -   , -   , -   , -   , -   , -   , -   , -   , -   , -   , -   , -   , -   
311119,Other animal food, -   , -   , -   , -   , -   , -   , -   , -   , -   , -   , -   , -   , -   , -   , -   
311210,Flours and malts, -   , -   , -   , -   , -   , -   , -   , -   , -   , -   , -   , -   , -   , -   ," 200,000 "
311221,Corn products, -   , -   , -   ," 35,127,000 ", -   , -   , -   , -   , -   , -   , -   , -   , -   , -   ," 500,000 "
311225,"Refined vegetable, olive, and seed oils", -   , -   , -   , -   , -   , -   , -   , -   , -   , -   , -   , -   , -   , -   ," 300,000 "
311224,Soybean and other oilseed processing, -   , -   , -   ," 2,970,000 ", -   , -   , -   , -   , -   , -   , -   , -   , -   , -   , -   
311230,Breakfast cereals, -   , -   , -   , -   , -   , -   , -   , -   , -   , -   , -   , -   , -   , -   , -   
311300,"Sugar, candy, and chocolate", -   , -   , -   , -   , -   , -   , -   , -   , -   , -   , -   , -   , -   , -   ," 850,000 "
311410,Frozen food, -   , -   , -   , -   , -   , -   , -   , -   , -   , -   , -   , -   , -   , -   ," 1,250,000 "
311420,Fruit and vegetable preservation, -   , -   , -   , -   , -   , -   , -   , -   , -   , -   , -   , -   , -   , -   ," 850,000 "
311513,Cheese, -   , -   , -   , -   , -   , -   , -   , -   , -   , -   , -   , -   , -   , -   ," 1,450,000 "
311514,"Dry, condensed, and evaporated dairy", -   , -   , -   , -   , -   , -   , -   , -   , -   , -   , -   , -   , -   , -   , -   
31151A,Fluid milk and butter, -   , -   , -   , -   , -   , -   , -   , -   , -   , -   , -   , -   , -   , -   ," 600,000 "
311520,Ice cream and frozen desserts, -   , -   , -   , -   , -   , -   , -   , -   , -   , -   , -   , -   , -   , -   ," 1,550,000 "
311615,Packaged poultry, -   , -   , -   , -   , -   , -   , -   , -   , -   , -   , -   , -   , -   , -   ," 85,050,000 "
31161A,Packaged meat (except poultry), -   , -   , -   , -   , -   , -   , -   , -   , -   , -   , -   , -   , -   , -   ," 60,600,000 "
311700,Seafood, -   , -   , -   , -   , -   , -   , -   , -   , -   , -   , -   , -   , -   , -   ," 4,600,000 "
311810,Bread and other baked goods, -   , -   , -   , -   , -   , -   , -   , -   , -   , -   , -   , -   , -   , -   ," 6,250,000 "
3118A0,"Cookies, crackers, pastas, and tortillas", -   , -   , -   , -   , -   , -   , -   , -   , -   , -   , -   , -   , -   , -   ," 3,700,000 "
311910,Snack foods, -   , -   , -   , -   , -   , -   , -   , -   , -   , -   , -   , -   , -   , -   , -   
311920,Coffee and tea, -   , -   , -   , -   , -   , -   , -   , -   , -   , -   , -   , -   , -   , -   ," 7,300,000 "
311930,Flavored drink concentrates, -   , -   , -   , -   , -   , -   , -   , -   , -   , -   , -   , -   , -   , -   , -   
311940,Seasonings and dressings, -   , -   , -   , -   , -   , -   , -   , -   , -   , -   , -   , -   , -   , -   ," 3,050,000 "
311990,All other foods, -   , -   , -   , -   , -   , -   , -   , -   , -   , -   , -   , -   , -   , -   ," 2,050,000 "
312110,"Soft drinks, bottled water, and ice", -   , -   , -   , -   , -   , -   , -   , -   , -   , -   , -   , -   , -   , -   ," 1,100,000 "
312120,Breweries and beer, -   , -   , -   , -   , -   , -   , -   , -   , -   , -   , -   , -   , -   , -   , -   
312130,Wineries and wine, -   , -   , -   , -   , -   , -   , -   , -   , -   , -   , -   , -   , -   , -   , -   
312140,Distilleries and spirits, -   , -   , -   , -   , -   , -   , -   , -   , -   , -   , -   , -   , -   , -   , -   
312200,Tobacco products, -   , -   , -   , -   , -   , -   , -   , -   , -   , -   , -   , -   , -   , -   , -   
313100,"Fiber, yarn, and thread", -   , -   , -   ," 4,266,000 ", -   , -   , -   , -   , -   , -   , -   , -   , -   , -   ," 4,600,000 "
313200,Fabric, -   , -   , -   ," 52,974,000 ", -   ," 83,439,000 ", -   , -   , -   , -   , -   , -   , -   , -   , -   
313300,Finished and coated fabric, -   , -   , -   ," 31,239,000 ", -   ," 8,509,000 ", -   , -   , -   , -   , -   , -   , -   , -   , -   
314110,Carpets and rugs, -   , -   , -   , -   , -   , -   , -   , -   , -   , -   , -   , -   , -   , -   , -   
314120,Curtains and linens, -   , -   , -   , -   , -   , -   , -   , -   , -   , -   , -   , -   , -   , -   ," 14,900,000 "
314900,Other textiles, -   , -   , -   , -   , -   , -   , -   , -   , -   , -   , -   , -   , -   , -   ," 50,000 "
315000,Clothing, -   , -   , -   , -   , -   ," 127,000 ", -   , -   , -   , -   , -   , -   , -   , -   , -   
316000,Leather, -   , -   , -   , -   , -   , -   , -   , -   , -   , -   , -   , -   , -   , -   , -   
322110,Wood pulp, -   , -   , -   ," 55,749,600 ", -   , -   , -   , -   , -   , -   , -   , -   , -   , -   , -   
322120,Paper, -   , -   ," 568,000 "," 147,322,800 ", -   ," 254,000 ", -   , -   , -   , -   , -   , -   , -   , -   ," 2,000,000 "
322130,Cardboard," 6,600,000 "," 6,024,000 "," 3,976,000 "," 185,176,800 ", -   ," 2,921,000 ", -   ," 475,000 ", -   , -   , -   , -   , -   , -   ," 1,500,000 "
322210,Cardboard containers," 42,240,000 "," 45,682,000 "," 60,208,000 "," 38,188,800 ", -   ," 16,637,000 ", -   ," 1,178,000 ", -   , -   , -   , -   , -   , -   ," 3,550,000 "
322220,Paper bags and coated paper," 330,000 ", -   ," 142,000 "," 40,068,000 ", -   ," 127,000 ", -   ," 38,000 ", -   , -   , -   , -   , -   , -   ," 3,650,000 "
322230,Stationery, -   , -   , -   ," 135,000 ", -   , -   , -   , -   , -   , -   , -   , -   , -   , -   ," 100,000 "
322291,"Sanitary paper (tissues, napkins, diapers, etc.)", -   , -   , -   ," 81,000 ", -   , -   , -   , -   , -   , -   , -   , -   , -   , -   ," 250,000 "
322299,All other converted paper products, -   , -   , -   ," 24,948,000 ", -   , -   , -   , -   , -   , -   , -   , -   , -   , -   , -   
323110,"Books, newspapers, magazines, and other print media", -   , -   , -   , -   , -   , -   , -   , -   , -   , -   , -   , -   , -   , -   ," 35,200,000 "
323120,Printing support, -   , -   , -   , -   , -   , -   , -   , -   , -   , -   , -   , -   , -   , -   , -   
324110,"Gasoline, fuels, and by-products of petroleum refining"," 19,140,000 "," 14,056,000 "," 31,524,000 "," 51,570,000 "," 4,708,525 "," 5,207,000 "," 676,273,151 "," 684,000 "," 96,678,424 ", -   , -   ," 109,270,272 "," 93,861,435 "," 77,515,321 "," 8,150,000 "
324121,Asphalt pavement, -   , -   , -   , -   , -   , -   ," 3,525,180 ", -   , -   , -   , -   , -   , -   , -   , -   
324122,Asphalt shingles, -   , -   , -   , -   , -   , -   ," 37,122 ", -   , -   , -   , -   , -   , -   , -   , -   
324190,Other petroleum and coal products," 59,730,000 "," 32,630,000 "," 16,614,000 "," 1,647,000 ", -   ," 7,366,000 ", -   ," 570,000 ", -   , -   , -   , -   , -   , -   ," 1,350,000 "
325110,Petrochemicals," 1,320,000 "," 502,000 "," 284,000 "," 4,266,000 ", -   ," 762,000 ", -   , -   , -   , -   ," 97,172,837 ", -   , -   , -   , -   
325120,Compressed Gases," 16,830,000 "," 6,526,000 "," 994,000 "," 1,539,000 ", -   ," 635,000 ", -   , -   , -   , -   , -   , -   , -   , -   , -   
325130,Synthetic dyes and pigments, -   , -   ," 994,000 "," 18,036,000 ", -   ," 4,318,000 ", -   , -   , -   , -   , -   , -   , -   , -   , -   
325180,Other basic inorganic chemicals," 52,140,000 "," 1,506,000 "," 109,766,000 "," 108,081,000 "," 2,091,715 "," 120,904,000 ", -   ," 19,000 ", -   , -   ," 13,110,242 ", -   , -   , -   , -   
325190,Other basic organic chemicals," 31,680,000 "," 9,538,000 "," 4,970,000 "," 65,367,000 ", -   ," 71,374,000 ", -   ," 190,000 ", -   , -   , -   , -   , -   , -   , -   
325211,Plastics," 2,310,000 ", -   ," 44,588,000 "," 46,413,000 ", -   ," 53,340,000 "," 83,719 "," 171,000 ", -   , -   , -   , -   , -   , -   , -   
3252A0,Synthetic rubber and artificial and synthetic fibers," 2,640,000 ", -   ," 1,846,000 "," 8,586,000 ", -   ," 181,483,000 ", -   , -   , -   , -   , -   , -   , -   , -   , -   
325411,Medicinal and botanical ingredients, -   , -   , -   , -   , -   , -   , -   , -   , -   , -   , -   , -   , -   , -   , -   
325412,"Pharmaceutical products (pills, powders, solutions, etc.)", -   , -   , -   , -   , -   , -   , -   , -   , -   , -   , -   , -   , -   , -   , -   
325413,"Blood sugar, pregnancy, and other diagnostic test kits", -   , -   , -   , -   , -   , -   , -   , -   , -   , -   , -   , -   , -   , -   , -   
325414,Vaccines and other biological medical products, -   , -   , -   , -   , -   , -   , -   , -   , -   , -   , -   , -   , -   , -   , -   
325310,Fertilizers," 2,640,000 ", -   ," 710,000 "," 108,000 ", -   , -   , -   , -   , -   , -   , -   , -   , -   , -   , -   
325320,Pesticides, -   , -   , -   , -   , -   , -   , -   , -   , -   , -   , -   , -   , -   , -   , -   
325510,Paints and coatings, -   , -   , -   ," 5,130,000 ", -   , -   , -   , -   , -   , -   , -   , -   , -   , -   ," 10,500,000 "
325520,Adhesives," 2,640,000 ", -   ," 1,846,000 "," 83,511,000 ", -   , -   , -   ," 57,000 ", -   , -   , -   , -   , -   , -   ," 250,000 "
325610,Soap and cleaning compounds, -   , -   ," 710,000 ", -   , -   ," 508,000 ", -   , -   , -   , -   , -   , -   , -   , -   ," 100,000 "
325620,Toiletries, -   , -   , -   , -   , -   , -   , -   , -   , -   , -   , -   , -   , -   , -   ," 50,000 "
325910,Ink and ink cartridges, -   , -   , -   ," 23,085,000 ", -   , -   , -   , -   , -   , -   , -   , -   , -   , -   , -   
3259A0,"Chemicals (except basic chemicals, agrichemicals, polymers, paints, pharmaceuticals,soaps, cleaning compounds)"," 2,310,000 "," 25,602,000 "," 2,982,000 "," 20,061,000 "," 16,369 "," 5,969,000 ", -   ," 1,254,000 ", -   , -   , -   , -   , -   , -   ," 350,000 "
326110,"Plastic bags, films, and sheets", -   , -   ," 54,102,000 "," 70,281,000 ", -   ," 25,273,000 ", -   ," 3,477,000 ", -   , -   , -   , -   , -   , -   ," 550,000 "
326120,"Plastic pipe, fittings, and sausage casings", -   , -   ," 426,000 "," 4,050,000 ", -   ," 2,286,000 ", -   ," 3,534,000 ", -   , -   , -   , -   , -   , -   ," 5,700,000 "
326130,Laminated plastic plates and shapes, -   , -   ," 142,000 "," 2,160,000 ", -   ," 1,016,000 ", -   ," 19,000 ", -   , -   , -   , -   , -   , -   , -   
326140,Polystyrene foam products, -   , -   ," 142,000 "," 567,000 ", -   ," 381,000 ", -   , -   , -   , -   , -   , -   , -   , -   ," 100,000 "
326150,Urethane and other foam products, -   , -   ," 142,000 "," 891,000 ", -   ," 381,000 ", -   ," 152,000 ", -   , -   , -   , -   , -   , -   ," 2,550,000 "
326160,Plastic bottles, -   , -   , -   ," 1,998,000 ", -   , -   , -   , -   , -   , -   , -   , -   , -   , -   ," 150,000 "
326190,Other plastic products," 26,070,000 "," 1,004,000 "," 3,124,000 "," 7,776,000 ", -   ," 24,384,000 ", -   ," 1,938,000 ", -   , -   , -   , -   , -   , -   ," 8,450,000 "
326210,Rubber tires, -   , -   , -   ," 81,000 ", -   , -   , -   , -   , -   , -   , -   , -   , -   , -   ," 4,350,000 "
326220,Rubber and plastic belts and hoses, -   , -   , -   ," 2,619,000 ", -   ," 1,905,000 ", -   , -   , -   , -   , -   , -   , -   , -   , -   
326290,Other rubber products, -   , -   ," 1,704,000 ", -   , -   ," 308,610,000 ", -   , -   , -   , -   , -   , -   , -   , -   , -   
423100,Motor vehicle and motor vehicle parts and supplies," 6,600,000 "," 502,000 "," 2,556,000 "," 4,536,000 ", -   ," 3,175,000 ", -   ," 532,000 ", -   , -   , -   , -   , -   , -   ," 7,500,000 "
423400,Professional and commercial equipment and supplies," 5,610,000 "," 2,510,000 "," 5,254,000 "," 27,486,000 ", -   ," 5,080,000 ", -   ," 7,505,000 ", -   , -   , -   , -   , -   , -   ," 10,000,000 "
423600,Household appliances and electrical and electronic goods," 30,030,000 "," 14,558,000 "," 5,822,000 "," 6,156,000 ", -   ," 6,858,000 ", -   ," 51,794,000 ", -   , -   , -   , -   , -   , -   ," 2,400,000 "
423800,"Machinery, equipment, and supplies"," 38,280,000 "," 5,020,000 "," 17,892,000 "," 17,334,000 ", -   ," 75,565,000 ", -   ," 4,408,000 ", -   , -   , -   , -   , -   , -   ," 3,550,000 "
423A00,Other durable goods merchant wholesalers," 445,830,000 "," 465,354,000 "," 89,744,000 "," 95,121,000 ", -   ," 75,057,000 ", -   ," 4,142,000 ", -   , -   , -   , -   , -   , -   ," 25,600,000 "
424200,Drugs and druggistsâ€™ sundries, -   , -   ," 142,000 "," 756,000 ", -   ," 254,000 ", -   , -   , -   , -   , -   , -   , -   , -   ," 250,000 "
424400,Grocery and related product wholesalers," 330,000 "," 502,000 "," 994,000 "," 17,658,000 ", -   ," 889,000 ", -   , -   , -   , -   , -   , -   , -   , -   ," 14,600,000 "
424700,Petroleum and petroleum products," 6,600,000 "," 3,514,000 "," 11,786,000 "," 8,505,000 ", -   ," 3,048,000 ", -   ," 95,000 ", -   , -   , -   , -   , -   , -   ," 1,350,000 "
424A00,Other nondurable goods merchant wholesalers," 15,840,000 "," 10,040,000 "," 27,264,000 "," 137,808,000 ", -   ," 49,276,000 ", -   ," 1,539,000 ", -   , -   , -   , -   , -   , -   ," 14,950,000 "
425000,Wholesale electronic markets and agents and brokers," 6,600,000 "," 2,008,000 "," 3,124,000 "," 9,126,000 ", -   ," 2,032,000 ", -   ," 1,482,000 ", -   , -   , -   , -   , -   , -   ," 1,050,000 "
4200ID,Customs duties, -   , -   , -   , -   , -   , -   , -   , -   , -   , -   , -   , -   , -   , -   , -   
441000,Vehicles and parts sales," 9,570,000 "," 502,000 "," 2,414,000 "," 5,184,000 ", -   , -   , -   ," 380,000 ", -   , -   , -   , -   , -   , -   , -   
445000,Food and beverage stores, -   , -   , -   ," 54,000 ", -   , -   , -   , -   , -   , -   , -   , -   , -   , -   ," 50,000 "
452000,General merchandise stores," 660,000 ", -   ," 142,000 "," 810,000 ", -   ," 254,000 ", -   ," 38,000 ", -   , -   , -   , -   , -   , -   ," 400,000 "
444000,Building material and garden equipment and supplies dealers, -   , -   ," 284,000 "," 3,159,000 ", -   ," 1,524,000 ", -   ," 114,000 ", -   , -   , -   , -   , -   , -   , -   
446000,Health and personal care stores, -   , -   , -   , -   , -   , -   , -   , -   , -   , -   , -   , -   , -   , -   ," 50,000 "
447000,Gasoline stations, -   , -   , -   ," 27,000 ", -   , -   , -   , -   , -   , -   , -   , -   , -   , -   , -   
448000,Clothing and clothing accessories stores, -   , -   , -   , -   , -   , -   , -   , -   , -   , -   , -   , -   , -   , -   , -   
454000,Nonstore retailers," 660,000 ", -   ," 284,000 "," 702,000 ", -   ," 127,000 ", -   ," 38,000 ", -   , -   , -   , -   , -   , -   ," 700,000 "
4B0000,All other retail, -   , -   , -   ," 324,000 ", -   ," 127,000 ", -   , -   , -   , -   , -   , -   , -   , -   ," 850,000 "
481000,Air transport," 11,880,000 "," 4,518,000 "," 8,804,000 "," 7,101,000 ", -   ," 4,953,000 ", -   ," 456,000 ", -   , -   , -   , -   , -   , -   ," 7,500,000 "
482000,Rail transport," 80,520,000 "," 39,156,000 "," 103,376,000 "," 68,796,000 "," 7,453,670 "," 5,969,000 ", -   ," 133,000 ", -   , -   , -   , -   , -   , -   ," 2,200,000 "
483000,"Water transport (boats, ships, ferries)"," 13,530,000 "," 6,526,000 "," 6,106,000 "," 4,995,000 ", -   ," 5,588,000 ", -   ," 38,000 ", -   , -   , -   , -   , -   , -   ," 100,000 "
484000,Truck transport," 156,750,000 "," 108,934,000 "," 71,710,000 "," 89,775,000 "," 51,059,035 "," 38,354,000 "," 559,485,080 "," 5,909,000 "," 40,134,324 "," 190,621,023 ", -   ," 56,450,171 "," 38,964,902 "," 32,179,104 "," 16,250,000 "
485000,Passenger ground transport," 3,300,000 "," 1,004,000 "," 2,130,000 "," 1,809,000 ", -   ," 1,016,000 ", -   ," 76,000 ", -   , -   , -   , -   , -   , -   ," 1,700,000 "
486000,Pipeline transport," 330,000 ", -   ," 284,000 "," 405,000 ", -   , -   , -   , -   , -   , -   , -   , -   , -   , -   ," 50,000 "
48A000,Scenic and sightseeing transportation and support activities for transportation," 8,580,000 "," 9,036,000 ", -   ," 11,664,000 ", -   ," 889,000 ", -   , -   , -   , -   , -   , -   , -   , -   ," 8,250,000 "
492000,Couriers and messengers, -   , -   , -   , -   , -   , -   , -   , -   , -   , -   , -   , -   , -   , -   ," 17,500,000 "
493000,Warehousing," 2,970,000 "," 1,004,000 "," 4,118,000 "," 3,726,000 ", -   ," 2,032,000 ", -   ," 8,189,000 ", -   , -   , -   , -   , -   , -   ," 5,900,000 "
511110,Newspapers, -   , -   , -   , -   , -   , -   , -   , -   , -   , -   , -   , -   , -   , -   ," 3,550,000 "
511120,Magazines and journals, -   , -   , -   , -   , -   , -   , -   ," 38,000 ", -   , -   , -   , -   , -   , -   ," 15,150,000 "
511130,Books, -   , -   , -   , -   , -   , -   , -   , -   , -   , -   , -   , -   , -   , -   ," 5,050,000 "
5111A0,"Directory, mailing list, and other publishers", -   , -   , -   , -   , -   , -   , -   , -   , -   , -   , -   , -   , -   , -   ," 800,000 "
511200,Software, -   , -   , -   ," 108,000 ", -   , -   , -   ," 95,000 ", -   , -   , -   , -   , -   , -   ," 1,350,000 "
512100,Movies and film, -   , -   , -   , -   , -   , -   , -   , -   , -   , -   , -   , -   , -   , -   ," 2,400,000 "
512200,Sound recording, -   , -   , -   , -   , -   , -   , -   , -   , -   , -   , -   , -   , -   , -   , -   
515100,Radio and television, -   , -   , -   , -   , -   , -   , -   , -   , -   , -   , -   , -   , -   , -   , -   
515200,Cable and subscription programming, -   , -   , -   , -   , -   , -   , -   , -   , -   , -   , -   , -   , -   , -   , -   
517110,Telecommunications," 2,970,000 "," 502,000 "," 4,686,000 "," 5,265,000 ", -   ," 3,429,000 ", -   ," 1,045,000 ", -   , -   , -   , -   , -   , -   ," 5,000,000 "
517210,Wireless telecommunications," 5,610,000 "," 2,008,000 "," 4,544,000 "," 3,672,000 ", -   ," 2,921,000 ", -   ," 589,000 ", -   , -   , -   , -   , -   , -   ," 6,350,000 "
517A00,"Satellite, telecommunications resellers, and all other telecommunications"," 2,310,000 ", -   ," 568,000 "," 972,000 ", -   ," 635,000 ", -   ," 133,000 ", -   , -   , -   , -   , -   , -   ," 500,000 "
518200,Data processing and hosting," 14,520,000 "," 3,514,000 "," 10,366,000 "," 8,100,000 ", -   ," 5,588,000 ", -   ," 1,520,000 ", -   , -   , -   , -   , -   , -   ," 3,800,000 "
519130,Internet publishing and broadcasting, -   , -   , -   , -   , -   , -   , -   , -   , -   , -   , -   , -   , -   , -   ," 12,400,000 "
5191A0,"News syndicates, libraries, archives, Internet publishing and all other information services", -   , -   , -   , -   , -   , -   , -   , -   , -   , -   , -   , -   , -   , -   , -   
522A00,Nondepository credit intermediation and related activities," 16,500,000 "," 9,036,000 "," 12,354,000 "," 8,154,000 ", -   ," 4,318,000 ", -   ," 1,786,000 ", -   , -   , -   , -   , -   , -   ," 4,300,000 "
52A000,Monetary authorities and depository credit intermediation," 26,730,000 "," 9,538,000 "," 22,294,000 "," 3,618,000 ", -   ," 10,414,000 ", -   ," 2,033,000 ", -   , -   , -   , -   , -   , -   ," 36,500,000 "
523900,"Investment advice, portfolio management, and other financial advising services"," 2,310,000 "," 1,004,000 "," 1,420,000 "," 1,107,000 ", -   ," 635,000 ", -   , -   , -   , -   , -   , -   , -   , -   ," 42,450,000 "
523A00,Securities and commodities brokerage and exchanges," 55,770,000 "," 29,618,000 "," 2,130,000 "," 189,000 ", -   ," 762,000 ", -   ," 323,000 ", -   , -   , -   , -   , -   , -   ," 1,050,000 "
524113,Direct life insurance carriers, -   , -   , -   , -   , -   , -   , -   , -   , -   , -   , -   , -   , -   , -   , -   
5241XX,"Insurance carriers, except direct life"," 6,600,000 "," 5,020,000 "," 6,532,000 "," 1,701,000 ", -   ," 1,778,000 ", -   ," 2,128,000 ", -   , -   , -   , -   , -   , -   ," 39,750,000 "
524200,Insurance agencies and brokerages," 16,500,000 "," 12,048,000 "," 14,626,000 "," 5,049,000 ", -   ," 4,953,000 ", -   ," 3,724,000 ", -   , -   , -   , -   , -   , -   ," 5,600,000 "
525000,"Funds, trusts, and financial vehicles", -   , -   , -   , -   , -   , -   , -   , -   , -   , -   , -   , -   , -   , -   , -   
531HSO,Owner-occupied housing, -   , -   , -   , -   , -   , -   , -   , -   , -   , -   , -   , -   , -   , -   , -   
531HST,Tenant-occupied housing, -   , -   , -   , -   , -   , -   , -   , -   , -   , -   , -   , -   , -   , -   , -   
531ORE,Other real estate," 18,810,000 "," 4,016,000 "," 14,484,000 "," 22,653,000 ", -   ," 9,144,000 ", -   ," 190,000 ", -   , -   , -   , -   , -   , -   ," 119,100,000 "
532100,Vehicle rental and leasing," 5,610,000 "," 2,510,000 "," 4,260,000 "," 4,779,000 ", -   ," 2,413,000 ", -   ," 209,000 ", -   , -   , -   , -   , -   , -   ," 2,700,000 "
532400,Commercial equipment rental," 5,940,000 "," 3,012,000 "," 4,544,000 "," 4,806,000 ", -   ," 2,667,000 ", -   ," 285,000 ", -   , -   , -   , -   , -   , -   ," 2,400,000 "
532A00,Consumer goods and general rental centers," 660,000 "," 502,000 "," 568,000 "," 729,000 ", -   ," 381,000 ", -   , -   , -   , -   , -   , -   , -   , -   ," 250,000 "
533000,Lessors of nonfinancial intangible assets," 17,820,000 "," 10,542,000 "," 12,212,000 "," 16,497,000 ", -   ," 4,445,000 ", -   ," 1,596,000 ", -   , -   , -   , -   , -   , -   ," 3,100,000 "
541100,Legal services," 8,580,000 "," 4,518,000 "," 9,230,000 "," 9,450,000 ", -   ," 5,842,000 ", -   ," 7,885,000 ", -   , -   , -   , -   , -   , -   ," 9,250,000 "
541511,Custom computer programming, -   , -   , -   , -   , -   , -   , -   ," 893,000 ", -   , -   , -   , -   , -   , -   , -   
541512,Computer systems design," 8,580,000 "," 3,514,000 "," 7,242,000 "," 5,238,000 ", -   ," 4,699,000 ", -   ," 646,000 ", -   , -   , -   , -   , -   , -   ," 9,000,000 "
54151A,"Other computer related services, including facilities management"," 1,980,000 "," 1,004,000 "," 1,562,000 "," 1,485,000 ", -   ," 1,016,000 ", -   ," 57,000 ", -   , -   , -   , -   , -   , -   ," 9,450,000 "
541200,"Accounting, tax preparation, bookkeeping, and payroll"," 10,230,000 "," 4,518,000 "," 9,798,000 "," 7,749,000 ", -   ," 4,953,000 ", -   ," 5,073,000 ", -   , -   , -   , -   , -   , -   ," 15,950,000 "
541300,"Architectural, engineering, and related services"," 30,360,000 "," 7,530,000 "," 14,768,000 "," 25,191,000 ", -   ," 16,891,000 ", -   ," 171,000 ", -   , -   , -   , -   , -   , -   ," 4,450,000 "
541610,Management consulting," 2,640,000 "," 1,004,000 "," 1,704,000 "," 4,266,000 ", -   ," 1,270,000 ", -   ," 57,000 ", -   , -   , -   , -   , -   , -   ," 19,100,000 "
5416A0,Environmental and other technical consulting services," 660,000 ", -   ," 284,000 "," 999,000 ", -   ," 254,000 ", -   ," 19,000 ", -   , -   , -   , -   , -   , -   ," 4,450,000 "
541700,Scientific research and development," 660,000 "," 502,000 "," 284,000 "," 405,000 ", -   ," 127,000 ", -   , -   , -   , -   , -   , -   , -   , -   , -   
541800,Advertising and public relations," 7,260,000 "," 1,004,000 "," 6,390,000 "," 7,533,000 ", -   ," 5,207,000 ", -   ," 11,875,000 ", -   , -   , -   , -   , -   , -   ," 10,000,000 "
541400,Specialized design," 9,570,000 "," 2,008,000 "," 3,266,000 "," 5,400,000 ", -   ," 2,159,000 ", -   ," 38,000 ", -   , -   , -   , -   , -   , -   ," 350,000 "
541920,Photographers, -   , -   , -   , -   , -   , -   , -   , -   , -   , -   , -   , -   , -   , -   , -   
541940,Veterinarians, -   , -   , -   , -   , -   , -   , -   , -   , -   , -   , -   , -   , -   , -   , -   
5419A0,"Marketing research and all other miscellaneous professional, scientific, and technical services"," 32,010,000 "," 19,578,000 "," 25,702,000 "," 2,754,000 ", -   ," 12,827,000 ", -   ," 114,000 ", -   , -   , -   , -   , -   , -   ," 14,450,000 "
550000,Company and enterprise management," 35,970,000 "," 10,542,000 "," 59,640,000 "," 61,101,000 ", -   ," 23,368,000 ", -   ," 97,413,000 ", -   , -   , -   , -   , -   , -   ," 31,150,000 "
561300,Employment services," 31,350,000 "," 4,518,000 "," 4,828,000 "," 4,428,000 ", -   ," 3,937,000 ", -   ," 1,197,000 ", -   , -   , -   , -   , -   , -   ," 16,000,000 "
561700,Buildings and dwellings services," 25,410,000 "," 9,036,000 "," 22,152,000 "," 26,379,000 ", -   ," 9,017,000 ", -   ," 817,000 ", -   , -   , -   , -   , -   , -   ," 14,150,000 "
561100,Office administration," 330,000 ", -   ," 142,000 "," 405,000 ", -   ," 127,000 ", -   , -   , -   , -   , -   , -   , -   , -   ," 2,600,000 "
561200,Facilities support," 9,900,000 "," 1,506,000 "," 1,562,000 "," 972,000 ", -   ," 1,270,000 ", -   ," 361,000 ", -   , -   , -   , -   , -   , -   ," 1,100,000 "
561400,Business support," 21,120,000 "," 4,518,000 "," 3,976,000 "," 3,402,000 ", -   ," 2,921,000 ", -   ," 684,000 ", -   , -   , -   , -   , -   , -   ," 3,200,000 "
561500,Travel arrangement and reservation, -   , -   , -   ," 54,000 ", -   , -   , -   , -   , -   , -   , -   , -   , -   , -   , -   
561600,Investigation and security," 18,810,000 "," 3,012,000 "," 2,840,000 "," 2,106,000 ", -   ," 2,286,000 ", -   ," 722,000 ", -   , -   , -   , -   , -   , -   ," 1,600,000 "
561900,Other support services," 19,470,000 "," 3,012,000 "," 3,408,000 "," 2,025,000 ", -   ," 2,667,000 ", -   ," 665,000 ", -   , -   , -   , -   , -   , -   ," 150,000 "
562000,Waste management and remediation," 13,200,000 "," 5,020,000 "," 12,354,000 "," 10,314,000 ", -   ," 4,318,000 ", -   ," 247,000 ", -   , -   , -   , -   , -   , -   ," 5,350,000 "
611100,Elementary and secondary schools, -   , -   , -   , -   , -   , -   , -   , -   , -   , -   , -   , -   , -   , -   , -   
611A00,"Colleges, universities, junior colleges, and professional schools", -   , -   , -   , -   , -   , -   , -   , -   , -   , -   , -   , -   , -   , -   , -   
611B00,Other educational services, -   , -   , -   , -   , -   , -   , -   , -   , -   , -   , -   , -   , -   , -   , -   
621100,Physicians, -   , -   , -   , -   , -   , -   , -   , -   , -   , -   , -   , -   , -   , -   , -   
621200,Dentists, -   , -   , -   , -   , -   , -   , -   , -   , -   , -   , -   , -   , -   , -   , -   
621300,Healthcare practitioners (except physicians and dentists), -   , -   , -   , -   , -   , -   , -   , -   , -   , -   , -   , -   , -   , -   , -   
621400,Outpatient healthcare, -   , -   , -   , -   , -   , -   , -   , -   , -   , -   , -   , -   , -   , -   , -   
621500,Medical laboratories, -   , -   , -   , -   , -   , -   , -   , -   , -   , -   , -   , -   , -   , -   , -   
621600,Home healthcare, -   , -   , -   , -   , -   , -   , -   , -   , -   , -   , -   , -   , -   , -   , -   
621900,Ambulances, -   , -   , -   , -   , -   , -   , -   , -   , -   , -   , -   , -   , -   , -   , -   
622000,Hospitals, -   , -   , -   , -   , -   , -   , -   , -   , -   , -   , -   , -   , -   , -   , -   
623A00,Nursing and community care facilities, -   , -   , -   , -   , -   , -   , -   , -   , -   , -   , -   , -   , -   , -   , -   
623B00,"Residential mental retardation, mental health, substance abuse and other facilities", -   , -   , -   , -   , -   , -   , -   , -   , -   , -   , -   , -   , -   , -   , -   
624100,Individual and family services, -   , -   , -   , -   , -   , -   , -   , -   , -   , -   , -   , -   , -   , -   , -   
624400,Child day care, -   , -   , -   , -   , -   , -   , -   , -   , -   , -   , -   , -   , -   , -   , -   
624A00,"Community food, housing, and other relief services, including rehabilitation services", -   , -   , -   , -   , -   , -   , -   , -   , -   , -   , -   , -   , -   , -   , -   
711100,Performances, -   , -   , -   ," 81,000 ", -   , -   , -   , -   , -   , -   , -   , -   , -   , -   ," 150,000 "
711200,Sports," 330,000 ", -   ," 142,000 "," 243,000 ", -   ," 127,000 ", -   , -   , -   , -   , -   , -   , -   , -   ," 300,000 "
711500,"Independent artists, writers, and performers"," 1,650,000 "," 1,004,000 "," 994,000 "," 783,000 ", -   ," 508,000 ", -   , -   , -   , -   , -   , -   , -   , -   ," 800,000 "
711A00,Promoters and agents, -   , -   , -   ," 27,000 ", -   , -   , -   , -   , -   , -   , -   , -   , -   , -   , -   
712000,"Museums, historical sites, zoos, and parks", -   , -   , -   , -   , -   , -   , -   , -   , -   , -   , -   , -   , -   , -   , -   
713100,Amusement parks and arcades, -   , -   , -   , -   , -   , -   , -   , -   , -   , -   , -   , -   , -   , -   , -   
713200,Gambling establishments (except casino hotels), -   , -   , -   , -   , -   , -   , -   , -   , -   , -   , -   , -   , -   , -   , -   
713900,"Golf courses, marinas, ski resorts, fitness and other rec centers and industries"," 660,000 ", -   ," 426,000 "," 297,000 ", -   ," 127,000 ", -   ," 19,000 ", -   , -   , -   , -   , -   , -   ," 1,550,000 "
721000,Hotels and campgrounds," 7,590,000 "," 3,012,000 "," 5,112,000 "," 4,266,000 ", -   ," 2,540,000 ", -   ," 209,000 ", -   , -   , -   , -   , -   , -   ," 4,950,000 "
722110,Full-service restaurants," 6,930,000 "," 2,510,000 "," 4,260,000 "," 3,591,000 ", -   ," 2,159,000 ", -   ," 437,000 ", -   , -   , -   , -   , -   , -   ," 56,100,000 "
722211,Limited-service restaurants," 5,280,000 "," 2,008,000 "," 3,550,000 "," 2,835,000 ", -   ," 1,778,000 ", -   ," 209,000 ", -   , -   , -   , -   , -   , -   ," 2,200,000 "
722A00,All other food and drinking places," 330,000 ", -   ," 568,000 "," 405,000 ", -   ," 127,000 ", -   , -   , -   , -   , -   , -   , -   , -   ," 650,000 "
811100,Vehicle repair," 8,250,000 "," 2,510,000 "," 7,242,000 "," 9,018,000 ", -   ," 2,794,000 ", -   ," 247,000 ", -   , -   , -   , -   , -   , -   ," 1,750,000 "
811200,Electronic  equipment repair and maintenance," 2,970,000 "," 502,000 "," 2,840,000 "," 3,726,000 ", -   ," 1,143,000 ", -   ," 855,000 ", -   , -   , -   , -   , -   , -   ," 1,600,000 "
811300,Commercial machinery repair," 13,860,000 "," 4,518,000 "," 12,354,000 "," 15,201,000 ", -   ," 4,699,000 ", -   ," 475,000 ", -   , -   , -   , -   , -   , -   ," 2,900,000 "
811400,Household goods repair," 990,000 ", -   ," 852,000 "," 1,296,000 ", -   ," 254,000 ", -   ," 19,000 ", -   , -   , -   , -   , -   , -   ," 550,000 "
812100,Salons and barber shops, -   , -   , -   , -   , -   , -   , -   , -   , -   , -   , -   , -   , -   , -   , -   
812200,Funerary services, -   , -   , -   , -   , -   , -   , -   , -   , -   , -   , -   , -   , -   , -   , -   
812300,Dry-cleaning and laundry, -   ," 502,000 "," 5,964,000 "," 27,000 ", -   , -   , -   , -   , -   , -   , -   , -   , -   , -   ," 2,050,000 "
"812,900","Pet care, photofinishing, parking and other sundry services", -   , -   , -   , -   , -   , -   , -   , -   , -   , -   , -   , -   , -   , -   ," 250,000 "
"813,100",Religious organizations, -   , -   , -   , -   , -   , -   , -   , -   , -   , -   , -   , -   , -   , -   , -   
813A00,"Grantmaking, giving, and social advocacy organizations", -   , -   , -   , -   , -   , -   , -   , -   , -   , -   , -   , -   , -   , -   , -   
813B00,"Civic, social, professional, and similar organizations"," 1,650,000 "," 1,004,000 "," 1,278,000 "," 999,000 ", -   ," 635,000 ", -   , -   , -   , -   , -   , -   , -   , -   ," 100,000 "
814000,Household employees, -   , -   , -   , -   , -   , -   , -   , -   , -   , -   , -   , -   , -   , -   , -   
S00500,Federal general government (defense), -   , -   , -   , -   , -   , -   , -   , -   , -   , -   , -   , -   , -   , -   , -   
S00600,Federal general government (nondefense), -   , -   , -   , -   , -   , -   , -   , -   , -   , -   , -   , -   , -   , -   , -   
491000,Postal service, -   , -   , -   , -   , -   , -   , -   ," 152,000 ", -   , -   , -   , -   , -   , -   ," 14,350,000 "
S00102,Other federal government enterprises, -   , -   , -   , -   , -   , -   , -   , -   , -   , -   , -   , -   , -   , -   , -   
GSLGE,State and local government educational services, -   , -   , -   , -   , -   , -   , -   , -   , -   , -   , -   , -   , -   , -   , -   
GSLGH,State and local government hospitals and health services, -   , -   , -   , -   , -   , -   , -   , -   , -   , -   , -   , -   , -   , -   , -   
GSLGO,State and local government other services, -   , -   , -   , -   , -   , -   , -   , -   , -   , -   , -   , -   , -   , -   , -   
S00203,Other state and local government enterprises," 5,280,000 "," 2,008,000 "," 4,828,000 "," 4,374,000 ", -   ," 1,651,000 ", -   ," 152,000 ", -   , -   , -   , -   , -   , -   ," 1,950,000 "
S00401,Scrap," 196,680,000 ", -   ," 5,822,000 "," 41,634,000 ", -   , -   , -   , -   , -   , -   , -   , -   , -   , -   , -   
S00402,Used and secondhand goods, -   , -   , -   , -   , -   , -   , -   , -   , -   , -   , -   , -   , -   , -   , -   
S00300,Noncomparable imports," 11,220,000 ", -   ," 9,514,000 "," 13,068,000 ", -   ," 9,017,000 ", -   ," 5,491,000 ", -   , -   , -   , -   , -   , -   , -   
S00900,Rest of the world adjustment, -   , -   , -   , -   , -   , -   , -   , -   , -   , -   , -   , -   , -   , -   , -   
